gender,education,race,continent,agegroup,hours_per_week,work_class,fnlwgt,marital_status,occupation,capital_gain,capital_loss,native_country,income,age
Female,Prof-school,Asian-Pac-Islander,Other,Adults,59,Self-emp-not-inc,374368,Never-married,Other-service,7683,5462,Germany,<=50K,31
Female,Prof-school,White,Asia,Adults,43,Private,139220,Married-civ-spouse,Sales,5311,9463,India,<=50K,28
Female,Prof-school,Asian-Pac-Islander,Europe,Adults,42,Private,268892,Never-married,Exec-managerial,6757,4094,Canada,<=50K,31
Female,Prof-school,Asian-Pac-Islander,Asia,Adults,50,State-gov,71212,Widowed,Sales,3227,6760,United-States,<=50K,36
Female,Prof-school,White,Asia,Adults,47,Private,402235,Married-civ-spouse,Other-service,5831,7892,India,<=50K,26
Female,Prof-school,Black,Asia,MiddleAged,44,Self-emp-not-inc,192190,Separated,Tech-support,9365,7475,United-States,<=50K,25
Female,Prof-school,White,Asia,Adults,48,Federal-gov,489027,Separated,Tech-support,2619,8275,United-States,<=50K,37
Female,Prof-school,White,Asia,Senior,43,Local-gov,157414,Divorced,Sales,6166,2963,Mexico,<=50K,33
Female,Prof-school,Black,North America,Adults,39,Local-gov,187765,Married-civ-spouse,Exec-managerial,9114,3585,Germany,<=50K,30
Female,Prof-school,Black,North America,Senior,57,Federal-gov,87074,Never-married,Craft-repair,2329,7425,United-States,<=50K,41
Female,Prof-school,Other,Europe,Adults,31,Federal-gov,301719,Divorced,Exec-managerial,925,6493,Mexico,<=50K,39
Female,Prof-school,Other,Asia,Senior,55,State-gov,137082,Never-married,Exec-managerial,7093,2729,Mexico,<=50K,42
Female,Prof-school,Asian-Pac-Islander,Asia,MiddleAged,59,State-gov,297652,Divorced,Tech-support,2705,911,Mexico,<=50K,32
Female,Prof-school,Amer-Indian-Eskimo,Europe,Senior,55,Self-emp-not-inc,372842,Never-married,Exec-managerial,9473,124,Canada,<=50K,45
Female,Prof-school,Asian-Pac-Islander,Central America,MiddleAged,49,Federal-gov,262570,Married-civ-spouse,Exec-managerial,7618,1774,Japan,<=50K,44
Female,Prof-school,White,Europe,Adults,37,Federal-gov,325676,Married-civ-spouse,Tech-support,4725,5699,Mexico,<=50K,41
Female,Prof-school,Other,Asia,Senior,39,Federal-gov,31250,Separated,Tech-support,2037,8782,Canada,<=50K,25
Female,Prof-school,Other,Europe,Senior,51,Local-gov,148464,Divorced,Tech-support,2578,8497,Canada,<=50K,40
Female,Prof-school,Other,Central America,Senior,25,State-gov,404052,Widowed,Sales,955,9445,Canada,<=50K,34
Female,Prof-school,Asian-Pac-Islander,South America,YoungAdults,42,Self-emp-not-inc,387799,Never-married,Craft-repair,3005,5240,United-States,<=50K,33
Female,Prof-school,White,South America,YoungAdults,57,State-gov,37822,Never-married,Tech-support,7723,3489,Germany,<=50K,41
Female,Prof-school,White,Other,Adults,35,Local-gov,490599,Never-married,Other-service,4214,7618,India,<=50K,38
Female,Prof-school,Other,Europe,Senior,22,Federal-gov,30934,Married-civ-spouse,Sales,8163,4023,Germany,<=50K,33
Female,Prof-school,White,South America,Senior,44,Self-emp-not-inc,138195,Widowed,Exec-managerial,6448,4370,Germany,<=50K,35
Female,Prof-school,Black,North America,Senior,39,State-gov,351022,Never-married,Exec-managerial,4486,2962,Mexico,<=50K,34
Female,Prof-school,Asian-Pac-Islander,North America,Adults,32,Self-emp-not-inc,350875,Widowed,Tech-support,8571,7077,United-States,<=50K,42
Female,Prof-school,Asian-Pac-Islander,South America,Adults,44,Federal-gov,18201,Separated,Exec-managerial,5690,7934,United-States,<=50K,42
Female,Prof-school,Other,North America,YoungAdults,35,State-gov,321170,Never-married,Tech-support,2921,6311,India,<=50K,37
Female,Prof-school,Other,Europe,MiddleAged,37,Federal-gov,137052,Never-married,Tech-support,7932,6188,Japan,<=50K,28
Female,Prof-school,Other,South America,MiddleAged,43,Federal-gov,79737,Never-married,Craft-repair,1051,3730,India,<=50K,25
Female,Prof-school,White,Other,Senior,51,Local-gov,394674,Never-married,Other-service,4740,6611,Canada,<=50K,33
Female,Prof-school,White,Other,YoungAdults,59,State-gov,470188,Divorced,Craft-repair,9914,4126,United-States,<=50K,28
Female,Prof-school,Other,Other,YoungAdults,22,Self-emp-not-inc,225863,Separated,Sales,3510,1960,Germany,<=50K,42
Female,Prof-school,Asian-Pac-Islander,North America,Adults,24,Self-emp-not-inc,390945,Widowed,Sales,8132,339,Germany,<=50K,42
Female,Prof-school,Amer-Indian-Eskimo,Europe,YoungAdults,34,Federal-gov,240721,Never-married,Sales,8524,3451,India,<=50K,35
Female,Prof-school,White,South America,MiddleAged,48,State-gov,368128,Separated,Other-service,5680,7742,Mexico,<=50K,34
Female,Prof-school,Asian-Pac-Islander,North America,Adults,24,Self-emp-not-inc,448043,Widowed,Other-service,4209,2187,India,<=50K,29
Female,Prof-school,White,North America,YoungAdults,39,Local-gov,142423,Widowed,Craft-repair,992,5704,Japan,<=50K,38
Female,Prof-school,Black,Central America,MiddleAged,45,State-gov,333143,Separated,Exec-managerial,5661,4914,Mexico,<=50K,35
Female,Prof-school,Other,Asia,YoungAdults,38,Federal-gov,382046,Married-civ-spouse,Other-service,9185,1562,Canada,<=50K,32
Female,Prof-school,Asian-Pac-Islander,Europe,MiddleAged,59,Local-gov,459822,Married-civ-spouse,Other-service,7439,898,Mexico,<=50K,27
Female,Prof-school,Other,South America,MiddleAged,32,Federal-gov,186998,Married-civ-spouse,Sales,8570,8200,United-States,<=50K,37
Female,Prof-school,Amer-Indian-Eskimo,North America,YoungAdults,56,State-gov,342282,Widowed,Exec-managerial,6536,8066,Germany,<=50K,25
Female,Prof-school,White,North America,MiddleAged,52,Self-emp-not-inc,251144,Married-civ-spouse,Exec-managerial,3612,1223,Japan,<=50K,34
Female,Prof-school,Asian-Pac-Islander,Central America,YoungAdults,42,Private,42571,Separated,Other-service,1899,4334,Japan,<=50K,43
Female,Prof-school,White,Other,MiddleAged,20,Federal-gov,295829,Married-civ-spouse,Other-service,9593,7417,India,<=50K,36
Female,Prof-school,Other,Central America,MiddleAged,54,State-gov,277190,Divorced,Other-service,1699,9871,Mexico,<=50K,28
Female,Prof-school,Black,Central America,MiddleAged,29,State-gov,163716,Divorced,Other-service,6477,833,Japan,<=50K,43
Female,Prof-school,Other,Other,Adults,43,Self-emp-not-inc,361640,Never-married,Craft-repair,4010,2294,Germany,<=50K,39
Female,Prof-school,Other,Europe,YoungAdults,34,Private,372726,Separated,Craft-repair,9609,4339,Germany,<=50K,44
Female,Prof-school,White,Europe,YoungAdults,43,Local-gov,301307,Divorced,Tech-support,8909,407,Mexico,<=50K,27
Female,Prof-school,Amer-Indian-Eskimo,Asia,Adults,24,Self-emp-not-inc,268691,Divorced,Sales,8560,8916,United-States,<=50K,41
Female,Prof-school,Amer-Indian-Eskimo,Asia,YoungAdults,20,Self-emp-not-inc,303590,Separated,Exec-managerial,4825,8609,United-States,<=50K,40
Female,Prof-school,Black,North America,Adults,39,Federal-gov,303836,Divorced,Sales,2581,2770,Japan,<=50K,35
Female,Prof-school,White,Asia,Adults,45,Local-gov,253490,Never-married,Craft-repair,1536,1217,Germany,<=50K,30
Female,Prof-school,Black,South America,Adults,26,State-gov,119608,Married-civ-spouse,Other-service,5552,2763,India,<=50K,27
Female,Prof-school,Black,Asia,YoungAdults,34,Local-gov,21277,Divorced,Other-service,2550,5594,India,<=50K,25
Female,Prof-school,Black,Europe,Adults,44,Federal-gov,302323,Widowed,Craft-repair,6192,504,Germany,<=50K,37
Female,Prof-school,Black,Other,MiddleAged,32,Private,204041,Separated,Other-service,1490,1799,Canada,<=50K,38
Female,Prof-school,Black,Europe,Senior,57,State-gov,321250,Widowed,Tech-support,9943,6268,Germany,<=50K,25
Female,Prof-school,White,South America,Senior,53,Private,256183,Married-civ-spouse,Other-service,3640,1957,Canada,<=50K,31
Female,Prof-school,Amer-Indian-Eskimo,Asia,MiddleAged,24,Private,11485,Divorced,Tech-support,612,5163,Canada,<=50K,39
Female,Prof-school,Other,South America,YoungAdults,30,Self-emp-not-inc,148240,Married-civ-spouse,Craft-repair,685,1999,Germany,<=50K,29
Female,Prof-school,White,Other,YoungAdults,25,Self-emp-not-inc,283599,Married-civ-spouse,Exec-managerial,9396,7458,United-States,<=50K,42
Female,Prof-school,Amer-Indian-Eskimo,Europe,YoungAdults,49,Self-emp-not-inc,260280,Separated,Sales,6833,2497,United-States,<=50K,40
Female,Prof-school,Asian-Pac-Islander,Europe,MiddleAged,23,Private,402166,Separated,Other-service,5173,1337,Canada,<=50K,44
Female,Prof-school,Amer-Indian-Eskimo,Asia,Adults,22,Local-gov,333499,Never-married,Tech-support,8690,4131,India,<=50K,44
Female,Prof-school,Amer-Indian-Eskimo,Central America,Senior,32,Federal-gov,256038,Widowed,Exec-managerial,6299,3177,India,<=50K,30
Female,Prof-school,Amer-Indian-Eskimo,Asia,MiddleAged,51,Federal-gov,283554,Divorced,Sales,208,2476,Canada,<=50K,33
Female,Prof-school,White,Other,MiddleAged,22,Private,492709,Divorced,Sales,9181,966,Mexico,<=50K,42
Female,Prof-school,Black,Europe,YoungAdults,47,Federal-gov,105925,Widowed,Exec-managerial,1053,6078,Germany,<=50K,28
Female,Prof-school,Black,North America,Adults,41,Local-gov,399759,Never-married,Other-service,6693,7945,Mexico,<=50K,25
Female,Prof-school,Black,Asia,YoungAdults,47,Self-emp-not-inc,332558,Married-civ-spouse,Tech-support,9445,7029,India,<=50K,33
Female,Prof-school,Amer-Indian-Eskimo,Other,Senior,54,State-gov,207148,Married-civ-spouse,Sales,5893,1122,Mexico,<=50K,30
Female,Prof-school,Black,Europe,Senior,37,State-gov,117323,Separated,Tech-support,2656,1800,Canada,<=50K,35
Female,Prof-school,Amer-Indian-Eskimo,South America,Senior,34,Self-emp-not-inc,337464,Widowed,Exec-managerial,8590,3853,Germany,<=50K,42
Female,Prof-school,White,North America,YoungAdults,47,Private,257430,Separated,Other-service,3553,5909,India,<=50K,30
Female,Prof-school,Black,Europe,Senior,25,Local-gov,435017,Never-married,Other-service,2650,7131,Mexico,<=50K,29
Female,Prof-school,Amer-Indian-Eskimo,Central America,YoungAdults,58,Self-emp-not-inc,96487,Widowed,Exec-managerial,739,5553,Germany,<=50K,32
Female,Prof-school,Other,Asia,YoungAdults,29,State-gov,124603,Never-married,Craft-repair,6995,4305,Japan,<=50K,37
Female,Prof-school,White,North America,YoungAdults,48,Federal-gov,54983,Married-civ-spouse,Other-service,653,9163,United-States,<=50K,26
Female,Prof-school,Asian-Pac-Islander,Central America,MiddleAged,28,Federal-gov,453536,Divorced,Tech-support,9645,8111,Germany,<=50K,25
Female,Prof-school,Other,Europe,YoungAdults,29,Federal-gov,310468,Widowed,Craft-repair,1935,1988,Mexico,<=50K,29
Female,Prof-school,Amer-Indian-Eskimo,North America,Senior,39,Federal-gov,137695,Never-married,Craft-repair,9226,5616,United-States,<=50K,38
Female,Prof-school,White,North America,YoungAdults,21,Local-gov,430746,Married-civ-spouse,Sales,5387,7919,Japan,<=50K,37
Female,Prof-school,White,Central America,YoungAdults,40,Private,92401,Married-civ-spouse,Sales,4380,2106,India,<=50K,33
Female,Prof-school,Black,South America,Adults,51,Local-gov,443258,Never-married,Craft-repair,2689,5750,Mexico,<=50K,37
Female,Prof-school,Amer-Indian-Eskimo,Central America,MiddleAged,22,Self-emp-not-inc,49032,Widowed,Tech-support,3412,8873,United-States,<=50K,43
Female,Prof-school,Black,South America,Senior,44,State-gov,60753,Separated,Exec-managerial,4588,2223,Japan,<=50K,40
Female,Prof-school,Other,South America,MiddleAged,24,State-gov,12867,Never-married,Craft-repair,4599,1990,United-States,<=50K,34
Female,Prof-school,Black,North America,Senior,28,Self-emp-not-inc,77921,Separated,Craft-repair,8168,475,United-States,<=50K,32
Female,Prof-school,White,South America,Senior,31,Federal-gov,475396,Widowed,Craft-repair,8314,715,Canada,<=50K,25
Female,Prof-school,Amer-Indian-Eskimo,Other,YoungAdults,45,State-gov,67624,Never-married,Craft-repair,935,4798,India,<=50K,34
Female,Prof-school,White,Other,Adults,40,Self-emp-not-inc,393901,Separated,Exec-managerial,4074,849,Germany,<=50K,33
Female,Prof-school,Black,Other,MiddleAged,35,Private,129810,Married-civ-spouse,Other-service,7484,8366,Canada,<=50K,40
Female,Prof-school,Black,North America,Senior,47,Private,435310,Divorced,Exec-managerial,4271,7859,United-States,<=50K,45
Female,Prof-school,White,Asia,MiddleAged,58,Federal-gov,471529,Separated,Other-service,332,7742,Mexico,<=50K,28
Female,Prof-school,Asian-Pac-Islander,Central America,MiddleAged,56,State-gov,13185,Widowed,Tech-support,7839,6175,Germany,<=50K,45
Female,Prof-school,Amer-Indian-Eskimo,South America,Senior,27,Local-gov,278299,Separated,Craft-repair,6084,1492,Canada,<=50K,38
Female,Prof-school,Black,Other,MiddleAged,32,Federal-gov,54930,Separated,Craft-repair,3810,4667,India,<=50K,45
Female,Prof-school,White,Central America,Adults,53,Self-emp-not-inc,232654,Divorced,Exec-managerial,5512,7639,United-States,<=50K,44
Female,Prof-school,Black,Central America,YoungAdults,20,Self-emp-not-inc,472446,Divorced,Other-service,6599,3218,Germany,<=50K,43
Female,Prof-school,Amer-Indian-Eskimo,North America,Senior,53,Federal-gov,499983,Divorced,Craft-repair,5493,957,India,<=50K,37
Female,Prof-school,White,South America,Adults,43,State-gov,422134,Never-married,Craft-repair,5146,9323,Canada,<=50K,28
Female,Prof-school,Other,Central America,Senior,35,Federal-gov,62908,Separated,Exec-managerial,415,7282,Japan,<=50K,32
Female,Prof-school,White,South America,YoungAdults,32,Local-gov,447438,Never-married,Sales,9131,8873,India,<=50K,29
Female,Prof-school,White,North America,Senior,60,State-gov,49894,Widowed,Tech-support,6604,9929,India,<=50K,34
Female,Prof-school,Amer-Indian-Eskimo,North America,YoungAdults,42,Federal-gov,236628,Widowed,Other-service,551,3033,Mexico,<=50K,27
Female,Prof-school,Asian-Pac-Islander,Asia,Adults,22,Federal-gov,159014,Widowed,Other-service,5390,4572,Germany,<=50K,34
Female,Prof-school,Black,Europe,MiddleAged,48,Self-emp-not-inc,27179,Separated,Exec-managerial,2284,4734,Mexico,<=50K,38
Female,Prof-school,White,Asia,Adults,32,Private,145321,Never-married,Exec-managerial,8346,6617,United-States,<=50K,43
Female,Prof-school,Amer-Indian-Eskimo,South America,Senior,58,Self-emp-not-inc,156079,Separated,Exec-managerial,3316,9593,United-States,<=50K,26
Female,Prof-school,White,North America,YoungAdults,27,Federal-gov,14394,Married-civ-spouse,Tech-support,8012,7024,Japan,<=50K,36
Female,Prof-school,Other,North America,YoungAdults,45,State-gov,496168,Divorced,Sales,2295,5711,Germany,<=50K,45
Female,Prof-school,White,North America,MiddleAged,31,State-gov,265467,Married-civ-spouse,Craft-repair,504,1627,Germany,<=50K,31
Female,Prof-school,Black,Other,MiddleAged,57,Self-emp-not-inc,134598,Never-married,Other-service,4208,1589,India,<=50K,27
Female,Prof-school,White,Other,YoungAdults,29,Local-gov,260364,Widowed,Exec-managerial,4792,5582,Germany,<=50K,42
Female,Prof-school,Black,Europe,MiddleAged,38,Local-gov,53392,Married-civ-spouse,Sales,8130,2970,Germany,<=50K,43
Female,Prof-school,Amer-Indian-Eskimo,North America,Adults,59,Self-emp-not-inc,84105,Separated,Tech-support,8542,8329,Japan,<=50K,43
Female,Prof-school,Asian-Pac-Islander,Europe,Senior,29,Federal-gov,438711,Separated,Craft-repair,3495,1905,Japan,<=50K,39
Female,Prof-school,White,Europe,MiddleAged,40,State-gov,175644,Separated,Other-service,2119,8759,Mexico,<=50K,32
Female,Prof-school,Asian-Pac-Islander,North America,Adults,46,Federal-gov,275186,Widowed,Tech-support,8109,3112,Japan,<=50K,32
Female,Prof-school,Black,South America,Senior,25,Self-emp-not-inc,149624,Divorced,Exec-managerial,7626,1197,Germany,<=50K,30
Female,Prof-school,Asian-Pac-Islander,Europe,MiddleAged,44,Federal-gov,442343,Married-civ-spouse,Sales,7510,4106,United-States,<=50K,41
Female,Prof-school,Other,Central America,Adults,56,Federal-gov,458615,Widowed,Craft-repair,1364,8262,Japan,<=50K,30
Female,Prof-school,White,Central America,Adults,58,Private,28620,Divorced,Exec-managerial,3766,9382,Japan,<=50K,37
Female,Prof-school,Amer-Indian-Eskimo,Europe,MiddleAged,46,Self-emp-not-inc,425222,Divorced,Other-service,7733,2621,Japan,<=50K,39
Female,Prof-school,White,Central America,YoungAdults,53,Federal-gov,378365,Widowed,Other-service,8979,6919,Germany,<=50K,27
Female,Prof-school,White,Asia,Senior,52,Federal-gov,453856,Divorced,Other-service,968,9076,India,<=50K,42
Female,Prof-school,Black,Asia,Senior,59,Federal-gov,461731,Separated,Other-service,4567,5685,Germany,<=50K,26
Female,Prof-school,Other,Other,Adults,48,Self-emp-not-inc,382299,Widowed,Sales,2545,1996,Germany,<=50K,44
Female,Prof-school,Black,South America,Senior,32,Self-emp-not-inc,351855,Separated,Other-service,1619,1584,Mexico,<=50K,36
Female,Prof-school,Other,Central America,MiddleAged,41,State-gov,265749,Married-civ-spouse,Sales,679,1594,Japan,<=50K,34
Female,Prof-school,Amer-Indian-Eskimo,North America,MiddleAged,22,Self-emp-not-inc,286100,Separated,Other-service,3453,8058,Canada,<=50K,30
Female,Prof-school,Other,South America,Senior,60,Federal-gov,458539,Never-married,Exec-managerial,1680,880,Japan,<=50K,35
Female,Prof-school,Other,South America,YoungAdults,50,Private,126496,Never-married,Tech-support,3108,7650,India,<=50K,35
Female,Prof-school,Other,Asia,YoungAdults,21,Local-gov,81413,Widowed,Craft-repair,8276,8681,Germany,<=50K,44
Female,Prof-school,White,Central America,Adults,26,Federal-gov,349093,Divorced,Sales,9032,1425,India,<=50K,36
Female,Prof-school,Other,South America,YoungAdults,45,Self-emp-not-inc,451716,Married-civ-spouse,Sales,7898,6643,India,<=50K,30
Female,Prof-school,White,Europe,Senior,48,Self-emp-not-inc,144153,Widowed,Exec-managerial,596,1156,India,<=50K,34
Female,Prof-school,White,North America,YoungAdults,59,State-gov,230491,Divorced,Sales,6501,1215,Mexico,<=50K,39
Female,Prof-school,Black,Central America,Senior,59,Federal-gov,308350,Never-married,Other-service,1292,3967,Canada,<=50K,41
Female,Prof-school,Black,Other,Senior,23,State-gov,175137,Married-civ-spouse,Sales,3163,691,Mexico,<=50K,45
Female,Prof-school,Other,Asia,YoungAdults,47,Self-emp-not-inc,18631,Married-civ-spouse,Other-service,5896,8669,Germany,<=50K,29
Female,Prof-school,White,Central America,Adults,23,Self-emp-not-inc,35560,Married-civ-spouse,Other-service,6738,5136,Japan,<=50K,39
Female,Prof-school,White,Central America,Senior,25,Federal-gov,105419,Married-civ-spouse,Craft-repair,4571,2758,India,<=50K,28
Female,Prof-school,White,Central America,YoungAdults,55,Self-emp-not-inc,117224,Separated,Other-service,2589,7531,Mexico,<=50K,41
Female,Prof-school,Amer-Indian-Eskimo,Asia,YoungAdults,58,Private,13725,Divorced,Exec-managerial,269,7265,Mexico,<=50K,45
Female,Prof-school,Asian-Pac-Islander,Asia,YoungAdults,51,Self-emp-not-inc,129016,Widowed,Exec-managerial,3088,2573,Mexico,<=50K,25
Female,Prof-school,White,North America,YoungAdults,47,Federal-gov,146226,Never-married,Sales,2819,4795,United-States,<=50K,31
Female,Prof-school,White,Other,MiddleAged,47,Local-gov,28137,Widowed,Craft-repair,4890,8426,Mexico,<=50K,37
Female,Prof-school,Black,Other,Senior,58,Self-emp-not-inc,497720,Never-married,Exec-managerial,9842,3686,United-States,<=50K,35
Female,Prof-school,Other,Central America,Senior,39,Private,10117,Widowed,Craft-repair,8059,5650,Canada,<=50K,27
Female,Prof-school,White,Other,YoungAdults,42,Local-gov,98723,Divorced,Other-service,3695,7285,Canada,<=50K,41
Female,Prof-school,White,North America,MiddleAged,30,Self-emp-not-inc,156134,Divorced,Other-service,9194,7140,Mexico,<=50K,38
Female,Prof-school,Amer-Indian-Eskimo,Other,YoungAdults,35,Federal-gov,410341,Separated,Sales,1453,6717,India,<=50K,34
Female,Prof-school,Black,Asia,Senior,29,Local-gov,154565,Separated,Tech-support,629,8600,India,<=50K,36
Female,Prof-school,Amer-Indian-Eskimo,South America,MiddleAged,22,Private,243866,Never-married,Sales,2026,2119,Canada,<=50K,42
Female,Prof-school,Amer-Indian-Eskimo,Other,MiddleAged,48,Private,245186,Never-married,Sales,826,2330,Germany,<=50K,28
Female,Prof-school,Asian-Pac-Islander,Other,Adults,57,Local-gov,352844,Widowed,Sales,5551,831,Mexico,<=50K,32
Female,Prof-school,Asian-Pac-Islander,South America,YoungAdults,38,Self-emp-not-inc,246819,Never-married,Other-service,4073,8452,Germany,<=50K,39
Female,Prof-school,White,Other,MiddleAged,44,Private,470961,Separated,Craft-repair,2007,6658,Canada,<=50K,34
Female,Prof-school,White,South America,Adults,53,Local-gov,200008,Separated,Tech-support,204,9377,United-States,<=50K,33
Female,Prof-school,Amer-Indian-Eskimo,North America,Senior,31,State-gov,356717,Separated,Sales,126,757,India,<=50K,37
Female,Prof-school,Black,Asia,Senior,37,Local-gov,199773,Widowed,Craft-repair,8146,795,Germany,<=50K,35
Female,Prof-school,Asian-Pac-Islander,North America,Adults,33,Federal-gov,44487,Married-civ-spouse,Tech-support,757,822,Mexico,<=50K,39
Female,Prof-school,White,North America,MiddleAged,43,Federal-gov,386291,Divorced,Sales,2723,7457,India,<=50K,26
Female,Prof-school,Black,Asia,Adults,38,Local-gov,50520,Never-married,Other-service,240,8232,India,<=50K,37
Female,Prof-school,Black,Central America,Senior,28,Federal-gov,52514,Divorced,Exec-managerial,539,7070,Canada,<=50K,25
Female,Prof-school,Other,South America,MiddleAged,57,Local-gov,294399,Never-married,Craft-repair,2790,855,Japan,<=50K,29
Female,Prof-school,Amer-Indian-Eskimo,South America,Senior,51,State-gov,258600,Married-civ-spouse,Tech-support,6828,3211,United-States,<=50K,32
Female,Prof-school,White,Other,Senior,30,Local-gov,469853,Separated,Craft-repair,467,101,Canada,<=50K,44
Female,Prof-school,Asian-Pac-Islander,Central America,Senior,25,Self-emp-not-inc,108581,Widowed,Exec-managerial,5196,2266,Mexico,<=50K,44
Female,Prof-school,Black,Central America,YoungAdults,22,Federal-gov,248222,Divorced,Tech-support,9089,5139,Germany,<=50K,33
Female,Prof-school,Asian-Pac-Islander,Other,YoungAdults,59,Federal-gov,343250,Married-civ-spouse,Exec-managerial,2372,4641,Canada,<=50K,41
Female,Prof-school,Black,North America,YoungAdults,31,Federal-gov,68207,Married-civ-spouse,Tech-support,3565,1270,Canada,<=50K,25
Female,Prof-school,Black,Europe,Adults,55,State-gov,277919,Divorced,Tech-support,5394,2173,Japan,<=50K,33
Female,Prof-school,Other,South America,Adults,22,Self-emp-not-inc,55739,Never-married,Tech-support,6740,2261,Mexico,<=50K,43
Female,Prof-school,Other,Asia,MiddleAged,49,Private,126458,Married-civ-spouse,Tech-support,4908,5598,Japan,<=50K,43
Female,Prof-school,White,South America,MiddleAged,40,State-gov,181645,Widowed,Exec-managerial,2190,3615,United-States,<=50K,30
Female,Prof-school,White,Asia,YoungAdults,31,Private,492764,Widowed,Craft-repair,8269,5602,Germany,<=50K,26
Female,Prof-school,Asian-Pac-Islander,Other,MiddleAged,47,Self-emp-not-inc,453954,Never-married,Other-service,4084,9009,Mexico,<=50K,28
Female,Prof-school,Black,South America,YoungAdults,59,Self-emp-not-inc,132209,Separated,Craft-repair,5859,7446,Japan,<=50K,43
Female,Prof-school,Black,Other,MiddleAged,41,Private,189395,Separated,Tech-support,4367,7700,Canada,<=50K,44
Female,Prof-school,White,Europe,Senior,49,Federal-gov,161693,Separated,Tech-support,9491,8574,Germany,<=50K,38
Female,Prof-school,Asian-Pac-Islander,South America,Adults,24,Federal-gov,70017,Never-married,Craft-repair,2776,9846,United-States,<=50K,45
Female,Prof-school,White,South America,Adults,56,Private,378192,Widowed,Exec-managerial,6378,657,Mexico,<=50K,40
Female,Prof-school,Black,Asia,MiddleAged,50,Local-gov,93305,Married-civ-spouse,Tech-support,2897,3338,Japan,<=50K,25
Female,Prof-school,Black,Asia,Senior,35,State-gov,73747,Married-civ-spouse,Sales,751,9223,Mexico,<=50K,25
Female,Prof-school,Black,Asia,YoungAdults,33,Self-emp-not-inc,218003,Divorced,Exec-managerial,4876,3472,India,<=50K,40
Female,Prof-school,Asian-Pac-Islander,South America,YoungAdults,53,Self-emp-not-inc,136234,Widowed,Craft-repair,2452,9798,Mexico,<=50K,41
Female,Prof-school,Black,North America,Senior,51,Federal-gov,287975,Separated,Tech-support,7458,7569,Mexico,<=50K,43
Female,Prof-school,Amer-Indian-Eskimo,Europe,Senior,33,Self-emp-not-inc,171068,Never-married,Craft-repair,1993,5082,Japan,<=50K,45
Female,Prof-school,Other,North America,MiddleAged,21,Private,270295,Divorced,Other-service,3733,7899,Japan,<=50K,36
Female,Prof-school,Asian-Pac-Islander,Europe,Adults,58,Local-gov,422164,Widowed,Craft-repair,5802,664,Canada,<=50K,40
Female,Prof-school,White,Central America,Senior,34,Self-emp-not-inc,324884,Divorced,Sales,6447,6772,Canada,<=50K,33
Female,Prof-school,Black,South America,Senior,27,Private,400238,Never-married,Tech-support,6713,1433,Canada,<=50K,37
Female,Prof-school,Black,Asia,YoungAdults,37,State-gov,325220,Never-married,Tech-support,7739,3139,Canada,<=50K,29
Female,Prof-school,Asian-Pac-Islander,South America,MiddleAged,44,Federal-gov,239891,Never-married,Sales,8509,296,Mexico,<=50K,32
Female,Prof-school,Amer-Indian-Eskimo,South America,Senior,23,Self-emp-not-inc,475913,Divorced,Exec-managerial,5421,565,Germany,<=50K,42
Female,Prof-school,Asian-Pac-Islander,Europe,Adults,38,Local-gov,460945,Separated,Craft-repair,2610,2302,Japan,<=50K,28
Female,Prof-school,Black,North America,Senior,59,Self-emp-not-inc,282936,Married-civ-spouse,Other-service,2853,9651,Japan,<=50K,35
Female,Prof-school,Black,Europe,Adults,32,Local-gov,317319,Married-civ-spouse,Sales,9646,5187,India,<=50K,25
Female,Prof-school,Asian-Pac-Islander,North America,Adults,28,State-gov,34590,Married-civ-spouse,Exec-managerial,3344,1545,Canada,<=50K,42
Female,Prof-school,Other,Europe,MiddleAged,51,Private,395100,Never-married,Exec-managerial,9444,7711,Canada,<=50K,27
Female,Prof-school,Amer-Indian-Eskimo,Other,MiddleAged,38,Self-emp-not-inc,467679,Never-married,Other-service,9975,5329,Japan,<=50K,44
Female,Prof-school,Amer-Indian-Eskimo,South America,MiddleAged,58,Local-gov,72281,Never-married,Sales,7701,7239,United-States,<=50K,35
Female,Prof-school,White,South America,Adults,34,Private,169601,Married-civ-spouse,Other-service,2438,7344,Japan,<=50K,36
Female,Prof-school,Amer-Indian-Eskimo,Asia,MiddleAged,20,Local-gov,217375,Never-married,Exec-managerial,7798,3319,Canada,<=50K,37
Female,Prof-school,Other,Asia,Senior,52,Local-gov,83497,Separated,Craft-repair,8490,2516,United-States,<=50K,42
Female,Prof-school,Amer-Indian-Eskimo,South America,MiddleAged,41,Private,374915,Married-civ-spouse,Sales,6540,7320,Mexico,<=50K,28
Female,Prof-school,Other,Europe,MiddleAged,46,State-gov,278607,Divorced,Tech-support,6043,4048,India,<=50K,32
Female,Prof-school,Asian-Pac-Islander,Other,YoungAdults,34,Federal-gov,347781,Widowed,Exec-managerial,947,4719,India,<=50K,34
Female,Prof-school,White,Other,Adults,54,Private,286693,Widowed,Tech-support,4198,6585,United-States,<=50K,38
Female,Prof-school,White,Asia,Senior,22,State-gov,188892,Separated,Craft-repair,5410,2804,Canada,<=50K,36
Female,Prof-school,Other,Asia,MiddleAged,58,State-gov,328616,Married-civ-spouse,Sales,4666,5597,Germany,<=50K,39
Female,Prof-school,White,North America,Adults,30,Private,126667,Widowed,Exec-managerial,8987,4530,Germany,<=50K,45
Female,Prof-school,Other,Central America,MiddleAged,33,Private,363632,Never-married,Craft-repair,7425,125,United-States,<=50K,31
Female,Prof-school,White,Central America,Senior,25,Federal-gov,341373,Never-married,Sales,572,1746,Canada,<=50K,25
Female,Prof-school,Other,Other,Adults,43,Private,42498,Separated,Other-service,5184,8263,United-States,<=50K,44
Female,Prof-school,Asian-Pac-Islander,North America,Adults,38,Local-gov,406693,Separated,Craft-repair,1810,3770,United-States,<=50K,43
Female,Prof-school,White,South America,Senior,37,Self-emp-not-inc,364127,Married-civ-spouse,Exec-managerial,6293,907,Mexico,<=50K,31
Female,Prof-school,Asian-Pac-Islander,Other,MiddleAged,60,Federal-gov,228336,Divorced,Craft-repair,8637,5378,India,<=50K,27
Female,Prof-school,Amer-Indian-Eskimo,Central America,Senior,35,Self-emp-not-inc,297087,Widowed,Other-service,9916,5200,Germany,<=50K,35
Female,Prof-school,Other,North America,Adults,26,Self-emp-not-inc,439954,Divorced,Tech-support,943,8621,United-States,<=50K,30
Female,Prof-school,Asian-Pac-Islander,Asia,Adults,27,Local-gov,56506,Separated,Exec-managerial,9830,7395,Canada,<=50K,36
Female,Prof-school,Asian-Pac-Islander,North America,Senior,38,Private,96679,Widowed,Craft-repair,6730,2546,India,<=50K,43
Female,Prof-school,Other,South America,Senior,31,Local-gov,65300,Married-civ-spouse,Tech-support,3988,7789,Mexico,<=50K,27
Female,Prof-school,Amer-Indian-Eskimo,Other,MiddleAged,38,State-gov,391678,Widowed,Other-service,4879,707,Mexico,<=50K,40
Female,Prof-school,White,Other,YoungAdults,38,State-gov,288138,Separated,Craft-repair,358,3810,Japan,<=50K,44
Female,Prof-school,Amer-Indian-Eskimo,Other,YoungAdults,35,Private,414562,Married-civ-spouse,Craft-repair,4577,5702,United-States,<=50K,31
Female,Prof-school,Other,North America,YoungAdults,37,Federal-gov,324170,Widowed,Tech-support,6566,9702,Germany,<=50K,44
Female,Prof-school,Black,Central America,MiddleAged,57,Federal-gov,284647,Never-married,Tech-support,9696,8930,Canada,<=50K,45
Female,Prof-school,Black,Europe,YoungAdults,39,Local-gov,441525,Separated,Exec-managerial,8968,6826,India,<=50K,32
Female,Prof-school,Asian-Pac-Islander,Asia,MiddleAged,40,Private,201216,Separated,Other-service,9579,2094,Canada,<=50K,28
Female,Prof-school,Black,South America,Adults,46,State-gov,138247,Never-married,Sales,7191,4831,United-States,<=50K,36
Female,Prof-school,White,South America,MiddleAged,37,State-gov,177160,Married-civ-spouse,Exec-managerial,735,2541,India,<=50K,27
Female,Prof-school,Asian-Pac-Islander,South America,YoungAdults,23,Local-gov,200501,Separated,Tech-support,7020,6479,India,<=50K,45
Female,Prof-school,Asian-Pac-Islander,Europe,Adults,20,Self-emp-not-inc,350634,Married-civ-spouse,Exec-managerial,776,4451,Mexico,<=50K,28
Female,Prof-school,Other,North America,Senior,45,Self-emp-not-inc,434900,Divorced,Sales,2969,3319,Germany,<=50K,43
Female,Prof-school,Black,Europe,MiddleAged,24,Federal-gov,418716,Married-civ-spouse,Other-service,7845,9732,Japan,<=50K,35
Female,Prof-school,Other,South America,Senior,23,Private,62457,Divorced,Tech-support,8347,2084,Japan,<=50K,37
Female,Prof-school,Other,Central America,Senior,54,Private,428651,Widowed,Tech-support,5838,4834,Mexico,<=50K,28
Female,Prof-school,Other,Other,MiddleAged,53,Self-emp-not-inc,407867,Divorced,Tech-support,9242,3123,United-States,<=50K,27
Female,Prof-school,Amer-Indian-Eskimo,Other,YoungAdults,37,Private,28664,Married-civ-spouse,Exec-managerial,9414,3601,Mexico,<=50K,36
Female,Prof-school,Other,Europe,MiddleAged,30,Self-emp-not-inc,294068,Separated,Other-service,5066,9170,Germany,<=50K,42
Female,Prof-school,Other,Europe,Adults,32,Self-emp-not-inc,262842,Never-married,Other-service,4751,7642,United-States,<=50K,26
Female,Prof-school,Black,Asia,MiddleAged,40,State-gov,230187,Widowed,Exec-managerial,4854,3794,India,<=50K,26
Female,Prof-school,Asian-Pac-Islander,Central America,Adults,38,Self-emp-not-inc,31808,Divorced,Craft-repair,4880,1497,Canada,<=50K,27
Female,Prof-school,Asian-Pac-Islander,Europe,MiddleAged,22,Private,496856,Widowed,Craft-repair,3123,5732,United-States,<=50K,32
Female,Prof-school,Amer-Indian-Eskimo,Central America,MiddleAged,24,Private,305044,Never-married,Tech-support,551,8510,United-States,<=50K,33
Female,Prof-school,Asian-Pac-Islander,Europe,MiddleAged,46,State-gov,88385,Widowed,Craft-repair,8564,2013,Germany,<=50K,41
Female,Prof-school,Black,Asia,Adults,31,Federal-gov,67919,Never-married,Craft-repair,4442,9286,India,<=50K,29
Female,Prof-school,White,Europe,YoungAdults,41,Federal-gov,83121,Married-civ-spouse,Tech-support,6600,8681,Japan,<=50K,44
Female,Prof-school,Black,Other,Adults,37,State-gov,377896,Never-married,Sales,919,2526,Japan,<=50K,36
Female,Prof-school,Amer-Indian-Eskimo,South America,YoungAdults,57,Federal-gov,155998,Widowed,Tech-support,371,9450,United-States,<=50K,38
Female,Prof-school,Black,South America,Adults,57,Federal-gov,220593,Separated,Sales,9902,8810,Germany,<=50K,39
Female,Prof-school,White,Europe,Senior,43,Local-gov,222387,Married-civ-spouse,Other-service,8262,133,Japan,<=50K,45
Female,Prof-school,Amer-Indian-Eskimo,South America,YoungAdults,51,Local-gov,96312,Married-civ-spouse,Craft-repair,2772,396,India,<=50K,32
Female,Prof-school,Other,Asia,Senior,27,Local-gov,110981,Married-civ-spouse,Sales,9809,8118,India,<=50K,40
Female,Prof-school,Asian-Pac-Islander,Other,Senior,54,Self-emp-not-inc,345975,Never-married,Craft-repair,991,35,India,<=50K,35
Female,Prof-school,Asian-Pac-Islander,Asia,YoungAdults,60,Federal-gov,416722,Widowed,Exec-managerial,3015,735,India,<=50K,33
Female,Prof-school,Other,Europe,Adults,59,Self-emp-not-inc,63018,Divorced,Sales,8773,3307,United-States,<=50K,25
Female,Prof-school,Other,Europe,MiddleAged,34,Private,202543,Divorced,Sales,8081,9805,Mexico,<=50K,26
Female,Prof-school,Black,South America,Adults,31,Local-gov,201181,Widowed,Other-service,9878,8395,United-States,<=50K,27
Female,Prof-school,White,Other,Adults,45,Local-gov,485060,Widowed,Other-service,1244,787,India,<=50K,40
Female,Prof-school,White,Asia,Adults,40,State-gov,82475,Separated,Craft-repair,6116,1617,India,<=50K,44
Female,Prof-school,Asian-Pac-Islander,South America,Adults,37,Local-gov,484106,Married-civ-spouse,Craft-repair,4642,5836,United-States,<=50K,35
Female,Prof-school,Black,North America,Adults,58,Private,427271,Married-civ-spouse,Tech-support,2636,7042,Canada,<=50K,38
Female,Prof-school,White,South America,Adults,32,Federal-gov,346213,Divorced,Craft-repair,490,839,Mexico,<=50K,35
Female,Prof-school,Other,Other,Senior,30,State-gov,372303,Never-married,Tech-support,7422,1795,United-States,<=50K,28
Female,Prof-school,Other,Central America,YoungAdults,49,State-gov,100159,Married-civ-spouse,Other-service,4162,218,Germany,<=50K,37
Female,Prof-school,Other,Europe,Senior,50,Federal-gov,456199,Never-married,Tech-support,3820,9914,Japan,<=50K,41
Female,Prof-school,Amer-Indian-Eskimo,Europe,Senior,51,Private,434766,Married-civ-spouse,Sales,2828,2750,United-States,<=50K,25
Female,Prof-school,Other,North America,MiddleAged,31,Self-emp-not-inc,243621,Never-married,Craft-repair,4551,6422,India,<=50K,31
Female,Prof-school,Amer-Indian-Eskimo,Asia,Adults,48,State-gov,342615,Separated,Tech-support,141,8277,Canada,<=50K,42
Female,Prof-school,Black,Europe,Adults,24,Federal-gov,261325,Widowed,Exec-managerial,2171,38,Germany,<=50K,39
Female,Prof-school,Black,Other,MiddleAged,43,State-gov,115044,Widowed,Exec-managerial,2744,2542,United-States,<=50K,43
Female,Prof-school,Amer-Indian-Eskimo,North America,Adults,23,Private,457919,Widowed,Other-service,8616,1450,Japan,<=50K,41
Female,Prof-school,Asian-Pac-Islander,North America,Senior,20,Private,351028,Never-married,Tech-support,7838,8968,India,<=50K,39
Female,Prof-school,Other,Asia,MiddleAged,51,Self-emp-not-inc,447560,Separated,Sales,7413,3455,Germany,<=50K,42
Female,Prof-school,Amer-Indian-Eskimo,Europe,Adults,37,Self-emp-not-inc,486018,Widowed,Exec-managerial,5941,9141,India,<=50K,28
Female,Prof-school,Black,South America,Adults,22,Federal-gov,142778,Divorced,Tech-support,7847,2858,Mexico,<=50K,25
Female,Prof-school,Other,Asia,Senior,43,Private,366308,Never-married,Other-service,8422,94,United-States,<=50K,35
Female,Prof-school,White,Other,Senior,39,Private,81788,Widowed,Craft-repair,7905,3361,Mexico,<=50K,37
Female,Prof-school,Amer-Indian-Eskimo,Central America,Adults,46,Private,321621,Divorced,Exec-managerial,9056,3787,India,<=50K,32
Female,Prof-school,Asian-Pac-Islander,Other,Adults,59,Local-gov,344134,Divorced,Other-service,9954,1032,Canada,<=50K,42
Female,Prof-school,Asian-Pac-Islander,Other,Adults,48,State-gov,270450,Never-married,Tech-support,4212,6278,Canada,<=50K,34
Female,Prof-school,White,Central America,MiddleAged,47,Private,71515,Never-married,Tech-support,2854,1936,Mexico,<=50K,38
Female,Prof-school,Asian-Pac-Islander,Asia,MiddleAged,54,Self-emp-not-inc,228412,Married-civ-spouse,Other-service,5472,1674,Mexico,<=50K,25
Female,Prof-school,Amer-Indian-Eskimo,South America,Senior,41,Self-emp-not-inc,413919,Divorced,Tech-support,5879,4120,Japan,<=50K,32
Female,Prof-school,Amer-Indian-Eskimo,Other,Senior,44,Federal-gov,150664,Widowed,Other-service,4863,1649,Germany,<=50K,40
Female,Prof-school,Amer-Indian-Eskimo,Central America,MiddleAged,56,Private,401236,Widowed,Other-service,3994,7844,Canada,<=50K,36
Female,Prof-school,Asian-Pac-Islander,Central America,Senior,35,Federal-gov,31678,Separated,Exec-managerial,9131,2085,Mexico,<=50K,28
Female,Prof-school,White,North America,Senior,50,Local-gov,323151,Married-civ-spouse,Exec-managerial,8963,1102,India,<=50K,27
Female,Prof-school,Amer-Indian-Eskimo,Europe,MiddleAged,55,Private,264783,Separated,Craft-repair,1268,177,India,<=50K,30
Female,Prof-school,Black,Europe,Senior,23,State-gov,20424,Divorced,Tech-support,4181,1810,Japan,<=50K,42
Female,Prof-school,White,Other,MiddleAged,48,Self-emp-not-inc,182898,Married-civ-spouse,Craft-repair,3376,7054,Japan,<=50K,40
Female,Prof-school,White,Asia,Adults,30,Local-gov,73358,Married-civ-spouse,Other-service,3257,6261,Mexico,<=50K,44
Female,Prof-school,White,Central America,Adults,28,State-gov,409519,Married-civ-spouse,Exec-managerial,6250,8737,Japan,<=50K,43
Female,Prof-school,Asian-Pac-Islander,Europe,Adults,47,State-gov,360996,Widowed,Craft-repair,4646,7942,Mexico,<=50K,30
Female,Prof-school,Asian-Pac-Islander,Asia,Senior,38,Federal-gov,68208,Widowed,Sales,1942,2212,India,<=50K,26
Female,Prof-school,Black,Europe,MiddleAged,33,Federal-gov,191404,Married-civ-spouse,Craft-repair,7535,4235,Germany,<=50K,39
Female,Prof-school,Asian-Pac-Islander,Other,MiddleAged,40,Federal-gov,468070,Divorced,Sales,2462,5497,Japan,<=50K,41
Female,Prof-school,Asian-Pac-Islander,North America,Senior,60,Private,16003,Married-civ-spouse,Other-service,4690,2953,Canada,<=50K,26
Female,Prof-school,Amer-Indian-Eskimo,North America,YoungAdults,26,Federal-gov,28174,Never-married,Craft-repair,9697,4712,Germany,<=50K,43
Female,Prof-school,Black,Europe,MiddleAged,34,State-gov,341223,Separated,Craft-repair,3782,9195,Japan,<=50K,26
Female,Prof-school,White,Asia,MiddleAged,30,Local-gov,419558,Never-married,Sales,4324,9096,United-States,<=50K,45
Female,Prof-school,Other,Europe,Senior,38,Self-emp-not-inc,476191,Divorced,Exec-managerial,4737,6945,Mexico,<=50K,38
Female,Prof-school,Other,Other,Senior,49,Private,298700,Divorced,Craft-repair,6794,2290,United-States,<=50K,26
Female,Prof-school,Other,Asia,YoungAdults,25,Local-gov,364938,Married-civ-spouse,Sales,5080,3811,Germany,<=50K,43
Female,Prof-school,White,Central America,MiddleAged,21,State-gov,490533,Married-civ-spouse,Craft-repair,3636,9768,Germany,<=50K,32
Female,Prof-school,Asian-Pac-Islander,North America,Senior,58,State-gov,490431,Widowed,Exec-managerial,7436,7017,Mexico,<=50K,41
Female,Prof-school,Other,Other,YoungAdults,24,Local-gov,178445,Never-married,Sales,1728,1447,United-States,<=50K,32
Female,Prof-school,Other,Europe,Adults,48,State-gov,322148,Widowed,Other-service,2760,4981,Japan,<=50K,29
Female,Prof-school,Other,Central America,Senior,24,State-gov,463795,Divorced,Craft-repair,1024,3577,Japan,<=50K,32
Female,Prof-school,Amer-Indian-Eskimo,Other,Adults,57,State-gov,231374,Widowed,Other-service,9253,3352,Germany,<=50K,45
Female,Prof-school,Amer-Indian-Eskimo,Central America,Adults,55,Local-gov,181249,Married-civ-spouse,Tech-support,6497,1386,United-States,<=50K,45
Female,Prof-school,Other,Europe,YoungAdults,53,Private,345418,Never-married,Sales,9696,832,Mexico,<=50K,34
Female,Prof-school,Black,Europe,YoungAdults,29,Local-gov,103479,Widowed,Craft-repair,160,7475,India,<=50K,25
Female,Prof-school,Asian-Pac-Islander,North America,Adults,54,Federal-gov,382001,Never-married,Other-service,7257,1965,United-States,<=50K,44
Female,Prof-school,Black,Other,YoungAdults,35,Private,45077,Married-civ-spouse,Exec-managerial,7266,4341,India,<=50K,31
Female,Prof-school,Asian-Pac-Islander,North America,MiddleAged,21,Self-emp-not-inc,24331,Divorced,Tech-support,8264,9125,Germany,<=50K,33
Female,Prof-school,Asian-Pac-Islander,North America,Senior,39,State-gov,286789,Married-civ-spouse,Sales,2566,5813,Canada,<=50K,44
Female,Prof-school,Amer-Indian-Eskimo,Asia,YoungAdults,27,Local-gov,18963,Separated,Sales,7610,8561,Germany,<=50K,30
Female,Prof-school,White,Central America,YoungAdults,49,Self-emp-not-inc,52433,Never-married,Sales,6258,4950,Japan,<=50K,36
Female,Prof-school,Black,Asia,YoungAdults,25,Federal-gov,257669,Never-married,Craft-repair,368,910,India,<=50K,30
Female,Prof-school,Amer-Indian-Eskimo,South America,Senior,21,State-gov,384079,Never-married,Other-service,2352,3215,India,<=50K,27
Female,Prof-school,Asian-Pac-Islander,Other,Adults,25,Federal-gov,451980,Married-civ-spouse,Exec-managerial,3698,8940,Japan,<=50K,40
Female,Prof-school,Black,Other,Adults,53,State-gov,253432,Widowed,Tech-support,4521,9378,Canada,<=50K,37
Female,Prof-school,Other,North America,Adults,45,Local-gov,16823,Divorced,Sales,3739,9690,United-States,<=50K,40
Female,Prof-school,Other,Central America,MiddleAged,41,Private,367640,Widowed,Other-service,5471,6609,Mexico,<=50K,34
Female,Prof-school,Asian-Pac-Islander,Central America,Senior,39,Private,314867,Married-civ-spouse,Exec-managerial,3652,4536,United-States,<=50K,31
Female,Prof-school,Other,South America,YoungAdults,26,State-gov,186736,Never-married,Tech-support,4084,7607,Germany,<=50K,37
Female,Prof-school,Asian-Pac-Islander,Europe,MiddleAged,59,Local-gov,318671,Divorced,Other-service,2573,6972,Germany,<=50K,45
Female,Prof-school,Black,North America,Senior,42,Local-gov,444731,Separated,Sales,3607,5538,Japan,<=50K,40
Female,Prof-school,Asian-Pac-Islander,Central America,MiddleAged,30,Federal-gov,419462,Divorced,Exec-managerial,5262,1526,United-States,<=50K,25
Female,Prof-school,Other,Central America,YoungAdults,59,Private,67234,Married-civ-spouse,Exec-managerial,7305,54,Germany,<=50K,34
Female,Prof-school,Other,Central America,MiddleAged,37,Local-gov,115537,Never-married,Craft-repair,6568,2471,Germany,<=50K,30
Female,Prof-school,Black,Europe,Adults,45,Federal-gov,147519,Married-civ-spouse,Craft-repair,2191,1070,United-States,<=50K,44
Female,Prof-school,Black,South America,Adults,36,State-gov,104011,Never-married,Exec-managerial,7988,8922,India,<=50K,35
Female,Prof-school,Asian-Pac-Islander,Europe,YoungAdults,52,Local-gov,84789,Widowed,Craft-repair,1475,8708,Japan,<=50K,31
Female,Prof-school,White,North America,YoungAdults,52,Federal-gov,239390,Widowed,Other-service,9092,2454,Mexico,<=50K,28
Female,Prof-school,Black,North America,MiddleAged,40,State-gov,267290,Separated,Sales,7006,6275,Germany,<=50K,43
Female,Prof-school,Other,South America,YoungAdults,34,Local-gov,361646,Never-married,Sales,1674,3182,United-States,<=50K,43
Female,Prof-school,Black,South America,MiddleAged,46,State-gov,46980,Married-civ-spouse,Sales,3339,9484,United-States,<=50K,33
Female,Prof-school,Amer-Indian-Eskimo,Central America,YoungAdults,51,Local-gov,22546,Widowed,Craft-repair,7923,3425,India,<=50K,34
Female,Prof-school,Black,South America,Senior,21,Federal-gov,394469,Divorced,Other-service,1658,5206,Japan,<=50K,25
Female,Prof-school,Amer-Indian-Eskimo,Asia,Adults,52,Private,423628,Separated,Tech-support,3432,1914,United-States,<=50K,32
Female,Prof-school,Asian-Pac-Islander,Central America,MiddleAged,57,Private,184750,Divorced,Other-service,5902,1183,United-States,<=50K,39
Female,Prof-school,Amer-Indian-Eskimo,Central America,YoungAdults,58,Self-emp-not-inc,32940,Separated,Sales,9136,2823,India,<=50K,32
Female,Prof-school,Other,North America,Adults,24,State-gov,489369,Divorced,Exec-managerial,2996,4169,United-States,<=50K,41
Female,Prof-school,Black,South America,YoungAdults,34,Self-emp-not-inc,27580,Married-civ-spouse,Exec-managerial,4242,2603,Canada,<=50K,44
Female,Prof-school,Amer-Indian-Eskimo,Other,MiddleAged,30,Federal-gov,353414,Widowed,Exec-managerial,6448,3589,Japan,<=50K,38
Female,Prof-school,Black,South America,YoungAdults,41,Local-gov,217102,Divorced,Craft-repair,3122,7347,United-States,<=50K,38
Female,Prof-school,Other,Asia,Adults,59,Federal-gov,442355,Separated,Exec-managerial,780,4091,United-States,<=50K,40
Female,Prof-school,White,North America,MiddleAged,47,Self-emp-not-inc,205019,Married-civ-spouse,Exec-managerial,7681,1656,India,<=50K,33
Female,Prof-school,Asian-Pac-Islander,Asia,YoungAdults,48,Private,269526,Separated,Other-service,2698,5447,Canada,<=50K,40
Female,Prof-school,Amer-Indian-Eskimo,Europe,YoungAdults,59,Private,309475,Widowed,Craft-repair,7890,6065,United-States,<=50K,42
Female,Prof-school,Amer-Indian-Eskimo,Other,Senior,21,Local-gov,273530,Divorced,Tech-support,6170,6177,Canada,<=50K,28
Female,Prof-school,Amer-Indian-Eskimo,Central America,Adults,42,Local-gov,114258,Never-married,Craft-repair,3656,5469,India,<=50K,32
Female,Prof-school,Black,Asia,Adults,41,Local-gov,453555,Never-married,Other-service,6214,4968,Canada,<=50K,36
Female,Prof-school,Other,Other,MiddleAged,49,Private,43403,Separated,Sales,5624,2669,Japan,<=50K,42
Female,Prof-school,Amer-Indian-Eskimo,Central America,Senior,59,Private,269164,Never-married,Other-service,2222,4555,United-States,<=50K,28
Female,Prof-school,Amer-Indian-Eskimo,South America,YoungAdults,21,Local-gov,127793,Separated,Exec-managerial,703,5931,Canada,<=50K,37
Female,Prof-school,Amer-Indian-Eskimo,Europe,Senior,49,State-gov,64837,Widowed,Sales,6470,3195,India,<=50K,42
Female,Prof-school,Amer-Indian-Eskimo,Asia,Adults,42,Federal-gov,234364,Married-civ-spouse,Sales,4142,2170,Mexico,<=50K,45
Female,Prof-school,Amer-Indian-Eskimo,Asia,YoungAdults,26,Private,253366,Never-married,Exec-managerial,1990,2350,Germany,<=50K,29
Female,Prof-school,White,Other,Senior,44,Local-gov,360014,Never-married,Exec-managerial,1510,7253,India,<=50K,32
Female,Prof-school,Other,Central America,YoungAdults,42,State-gov,27052,Married-civ-spouse,Other-service,1291,9725,Canada,<=50K,40
Female,Prof-school,Other,North America,Adults,57,Local-gov,241811,Married-civ-spouse,Craft-repair,185,4626,India,<=50K,31
Female,Prof-school,Asian-Pac-Islander,Europe,MiddleAged,53,State-gov,141291,Widowed,Sales,4644,2656,Canada,<=50K,27
Female,Prof-school,Asian-Pac-Islander,Other,Adults,55,Self-emp-not-inc,372064,Never-married,Tech-support,737,2983,India,<=50K,26
Female,Prof-school,White,North America,Adults,30,Private,265573,Divorced,Craft-repair,1712,4176,Mexico,<=50K,30
Female,Prof-school,Amer-Indian-Eskimo,Central America,MiddleAged,20,State-gov,387866,Divorced,Craft-repair,8484,846,Canada,<=50K,27
Female,Prof-school,Other,Asia,Senior,50,Self-emp-not-inc,314113,Separated,Exec-managerial,808,6004,Mexico,<=50K,37
Female,Prof-school,Other,South America,MiddleAged,33,Private,109516,Widowed,Tech-support,5375,2918,India,<=50K,31
Female,Prof-school,White,Asia,MiddleAged,47,Local-gov,359669,Married-civ-spouse,Other-service,2546,1705,Japan,<=50K,31
Female,Prof-school,White,Other,YoungAdults,37,Federal-gov,413063,Separated,Exec-managerial,7815,5617,India,<=50K,34
Female,Prof-school,Asian-Pac-Islander,Other,Adults,58,State-gov,445039,Separated,Craft-repair,1583,5191,United-States,<=50K,33
Female,Prof-school,Black,Asia,Senior,25,Federal-gov,277135,Divorced,Craft-repair,8254,5117,Germany,<=50K,32
Female,Prof-school,White,North America,YoungAdults,50,Local-gov,77842,Never-married,Craft-repair,2604,7095,United-States,<=50K,36
Female,Prof-school,White,Central America,YoungAdults,56,Self-emp-not-inc,447058,Separated,Sales,2623,7195,Germany,<=50K,40
Female,Prof-school,Other,Other,MiddleAged,27,Local-gov,267019,Widowed,Tech-support,8501,4330,United-States,<=50K,36
Female,Prof-school,Black,North America,Senior,49,State-gov,39716,Never-married,Tech-support,9535,4979,Germany,<=50K,33
Female,Prof-school,Black,North America,Adults,33,Federal-gov,400963,Widowed,Exec-managerial,6052,8468,United-States,<=50K,30
Female,Prof-school,Black,Europe,YoungAdults,56,Local-gov,168953,Separated,Tech-support,1068,1476,India,<=50K,31
Female,Prof-school,Black,Asia,YoungAdults,30,State-gov,95087,Never-married,Sales,9415,7973,Canada,<=50K,33
Female,Prof-school,Other,Asia,YoungAdults,45,Self-emp-not-inc,183651,Married-civ-spouse,Tech-support,3984,8939,India,<=50K,34
Female,Prof-school,White,Asia,YoungAdults,45,Self-emp-not-inc,495996,Divorced,Tech-support,9692,4527,Germany,<=50K,43
Female,Prof-school,Asian-Pac-Islander,Asia,Senior,48,Private,16627,Divorced,Craft-repair,7471,8227,India,<=50K,44
Female,Prof-school,Black,Asia,YoungAdults,33,Federal-gov,357709,Divorced,Other-service,2980,7252,India,<=50K,45
Female,Prof-school,Other,Asia,Adults,58,Federal-gov,146335,Widowed,Craft-repair,8657,1675,Mexico,<=50K,35
Female,Prof-school,Asian-Pac-Islander,Other,MiddleAged,42,Private,345266,Separated,Tech-support,4737,5390,India,<=50K,28
Female,Prof-school,Asian-Pac-Islander,Central America,Senior,55,State-gov,61981,Widowed,Craft-repair,8091,6393,Germany,<=50K,40
Female,Prof-school,White,South America,YoungAdults,50,State-gov,366078,Divorced,Craft-repair,4998,2472,United-States,<=50K,31
Female,Prof-school,White,South America,MiddleAged,31,Self-emp-not-inc,346114,Separated,Other-service,745,2187,India,<=50K,45
Female,Prof-school,Amer-Indian-Eskimo,North America,YoungAdults,49,Federal-gov,70479,Widowed,Tech-support,9661,5279,United-States,<=50K,35
Female,Prof-school,Black,Asia,Senior,42,Federal-gov,182273,Widowed,Craft-repair,5517,2283,Japan,<=50K,33
Female,Prof-school,Other,Other,Adults,43,Self-emp-not-inc,459491,Separated,Other-service,6635,3210,Germany,<=50K,42
