age,agegroup,native_country,continent,education_num,hours_per_week,race,gender,income,marital_status,work_class,occupation,relationship,fnlwgt,education,capital_gain,capital_loss
0,Kids,India,Asia,12,5,Black,Female,<=50K,Never-married,Never-worked,None,Own-child,265424,HS-grad,0,0
1,Kids,Jamaica,CentralAmerica,6,2,Black,Female,<=50K,Widowed,Never-worked,None,Husband,285878,Assoc-acdm,0,0
3,Kids,Jamaica,CentralAmerica,7,6,Black,Female,<=50K,Divorced,Never-worked,None,Husband,342728,Doctorate,0,0
5,Kids,Haiti,CentralAmerica,15,1,Black,Male,<=50K,Widowed,Never-worked,None,Husband,244738,Assoc-acdm,0,0
7,Kids,Greece,Europe,12,7,Black,Male,<=50K,Widowed,Never-worked,None,Unmarried,220940,11th,0,0
7,Kids,Haiti,CentralAmerica,10,5,Black,Female,<=50K,Separated,Never-worked,None,Unmarried,427968,Assoc-acdm,0,0
17,Kids,Honduras,CentralAmerica,1,9,Black,Female,<=50K,Married-civ-spouse,Never-worked,None,Not-in-family,153798,11th,0,0
6,Kids,South-Africa,Africa,2,0,Black,Male,<=50K,Widowed,Never-worked,None,Own-child,445069,Masters,0,0
9,Kids,England,Europe,13,2,Black,Female,<=50K,Separated,Never-worked,None,Unmarried,106978,Assoc-acdm,0,0
1,Kids,Trinadad&Tobago,CentralAmerica,7,8,Black,Female,<=50K,Married-civ-spouse,Never-worked,None,Unmarried,488878,Doctorate,0,0
14,Kids,Outlying-US(Guam-USVI-etc),NorthAmerica,11,1,Black,Female,<=50K,Widowed,Never-worked,None,Not-in-family,227846,HS-grad,0,0
2,Kids,Italy,Europe,11,2,Black,Female,<=50K,Separated,Never-worked,None,Unmarried,414847,Assoc-voc,0,0
4,Kids,Philippines,Asia,7,9,Black,Female,<=50K,Never-married,Never-worked,None,Other-relative,345615,Assoc-acdm,0,0
7,Kids,Trinadad&Tobago,CentralAmerica,12,10,Black,Female,<=50K,Divorced,Never-worked,None,Own-child,290333,11th,0,0
13,Kids,Peru,SouthAmerica,10,6,Black,Female,<=50K,Married-civ-spouse,Never-worked,None,Wife,310595,Masters,0,0
9,Kids,India,Asia,8,5,Black,Female,<=50K,Never-married,Never-worked,None,Other-relative,258203,HS-grad,0,0
11,Kids,Jamaica,CentralAmerica,14,5,Black,Male,<=50K,Divorced,Never-worked,None,Own-child,133070,Doctorate,0,0
7,Kids,Philippines,Asia,14,7,Black,Female,<=50K,Widowed,Never-worked,None,Other-relative,405954,Assoc-acdm,0,0
7,Kids,China,Asia,12,5,Black,Male,<=50K,Never-married,Never-worked,None,Husband,10019,Doctorate,0,0
11,Kids,Vietnam,Asia,15,3,Black,Female,<=50K,Divorced,Never-worked,None,Not-in-family,333125,HS-grad,0,0
15,Kids,Cuba,CentralAmerica,11,6,Black,Male,<=50K,Never-married,Never-worked,None,Own-child,100341,11th,0,0
2,Kids,Cuba,CentralAmerica,3,5,Black,Male,<=50K,Never-married,Never-worked,None,Husband,419742,Assoc-acdm,0,0
13,Kids,Cuba,CentralAmerica,12,2,Black,Male,<=50K,Divorced,Never-worked,None,Not-in-family,198427,Bachelors,0,0
0,Kids,Jamaica,CentralAmerica,6,2,Black,Male,<=50K,Divorced,Never-worked,None,Unmarried,247250,11th,0,0
16,Kids,Trinadad&Tobago,CentralAmerica,15,6,Black,Male,<=50K,Married-civ-spouse,Never-worked,None,Husband,21294,HS-grad,0,0
5,Kids,Greece,Europe,15,3,Black,Male,<=50K,Married-civ-spouse,Never-worked,None,Not-in-family,420761,Some-college,0,0
11,Kids,Cuba,CentralAmerica,15,7,Black,Male,<=50K,Separated,Never-worked,None,Own-child,447967,Assoc-acdm,0,0
16,Kids,Columbia,SouthAmerica,16,8,Black,Male,<=50K,Separated,Never-worked,None,Wife,146763,Masters,0,0
14,Kids,Egypt,Africa,6,0,Black,Male,<=50K,Separated,Never-worked,None,Other-relative,352075,Assoc-voc,0,0
11,Kids,France,Europe,2,8,Black,Female,<=50K,Never-married,Never-worked,None,Own-child,248998,Assoc-voc,0,0
9,Kids,France,Europe,3,1,Black,Male,<=50K,Separated,Never-worked,None,Husband,38725,Bachelors,0,0
12,Kids,Outlying-US(Guam-USVI-etc),NorthAmerica,15,2,Black,Male,<=50K,Divorced,Never-worked,None,Husband,172002,11th,0,0
12,Kids,El-Salvador,CentralAmerica,2,8,Black,Female,<=50K,Divorced,Never-worked,None,Own-child,101752,11th,0,0
0,Kids,Trinadad&Tobago,CentralAmerica,13,8,Black,Female,<=50K,Separated,Never-worked,None,Not-in-family,485653,11th,0,0
14,Kids,Germany,Europe,12,8,Black,Female,<=50K,Separated,Never-worked,None,Own-child,22950,11th,0,0
7,Kids,France,Europe,4,6,Black,Female,<=50K,Divorced,Never-worked,None,Husband,233804,Assoc-acdm,0,0
17,Kids,Ireland,Europe,12,5,Black,Male,<=50K,Divorced,Never-worked,None,Husband,302186,Doctorate,0,0
2,Kids,Columbia,SouthAmerica,11,2,Black,Female,<=50K,Divorced,Never-worked,None,Wife,155685,Some-college,0,0
6,Kids,Ireland,Europe,11,7,Black,Female,<=50K,Divorced,Never-worked,None,Not-in-family,344208,Doctorate,0,0
14,Kids,Italy,Europe,10,8,Black,Female,<=50K,Divorced,Never-worked,None,Own-child,498926,HS-grad,0,0
15,Kids,Ireland,Europe,10,8,Black,Male,<=50K,Separated,Never-worked,None,Husband,100378,Assoc-voc,0,0
14,Kids,Canada,NorthAmerica,3,2,Black,Female,<=50K,Married-civ-spouse,Never-worked,None,Unmarried,140310,Bachelors,0,0
1,Kids,Trinadad&Tobago,CentralAmerica,13,0,Black,Female,<=50K,Divorced,Never-worked,None,Unmarried,430543,Some-college,0,0
11,Kids,Columbia,SouthAmerica,8,3,Black,Female,<=50K,Widowed,Never-worked,None,Not-in-family,265585,Masters,0,0
1,Kids,United-States,NorthAmerica,1,0,Black,Female,<=50K,Divorced,Never-worked,None,Wife,356847,Assoc-voc,0,0
13,Kids,Portugal,Europe,15,5,Black,Male,<=50K,Married-civ-spouse,Never-worked,None,Husband,116804,11th,0,0
10,Kids,Italy,Europe,5,1,Black,Male,<=50K,Never-married,Never-worked,None,Wife,17344,11th,0,0
9,Kids,Puerto-Rico,CentralAmerica,11,7,Black,Female,<=50K,Divorced,Never-worked,None,Wife,271196,11th,0,0
17,Kids,Peru,SouthAmerica,6,0,Black,Male,<=50K,Divorced,Never-worked,None,Husband,357763,Assoc-voc,0,0
3,Kids,Portugal,Europe,14,6,Black,Female,<=50K,Divorced,Never-worked,None,Wife,287426,HS-grad,0,0
7,Kids,India,Asia,4,4,Black,Female,<=50K,Never-married,Never-worked,None,Unmarried,349838,Doctorate,0,0
3,Kids,Mexico,NorthAmerica,7,3,Black,Male,<=50K,Divorced,Never-worked,None,Wife,409083,Some-college,0,0
3,Kids,France,Europe,11,8,Black,Male,<=50K,Never-married,Never-worked,None,Wife,299253,Assoc-voc,0,0
17,Kids,Japan,Asia,15,6,Black,Female,<=50K,Widowed,Never-worked,None,Wife,106525,Assoc-acdm,0,0
2,Kids,Haiti,CentralAmerica,13,3,Black,Female,<=50K,Married-civ-spouse,Never-worked,None,Wife,374574,Assoc-acdm,0,0
3,Kids,Honduras,CentralAmerica,1,1,Black,Female,<=50K,Married-civ-spouse,Never-worked,None,Own-child,382761,Some-college,0,0
3,Kids,United-States,NorthAmerica,4,0,Black,Male,<=50K,Married-civ-spouse,Never-worked,None,Wife,418170,11th,0,0
7,Kids,India,Asia,7,0,Black,Female,<=50K,Widowed,Never-worked,None,Unmarried,247475,HS-grad,0,0
9,Kids,India,Asia,2,3,Black,Female,<=50K,Divorced,Never-worked,None,Own-child,277552,Assoc-voc,0,0
2,Kids,Jamaica,CentralAmerica,13,3,Black,Male,<=50K,Divorced,Never-worked,None,Not-in-family,471826,Masters,0,0
17,Kids,China,Asia,15,0,Black,Male,<=50K,Separated,Never-worked,None,Unmarried,165797,Assoc-voc,0,0
7,Kids,Jamaica,CentralAmerica,7,7,Black,Male,<=50K,Married-civ-spouse,Never-worked,None,Not-in-family,189114,11th,0,0
13,Kids,Honduras,CentralAmerica,3,1,Black,Male,<=50K,Widowed,Never-worked,None,Wife,64330,HS-grad,0,0
7,Kids,Jamaica,CentralAmerica,13,2,Black,Male,<=50K,Married-civ-spouse,Never-worked,None,Unmarried,490450,HS-grad,0,0
9,Kids,Outlying-US(Guam-USVI-etc),NorthAmerica,1,4,Black,Female,<=50K,Never-married,Never-worked,None,Husband,173997,HS-grad,0,0
2,Kids,Jamaica,CentralAmerica,9,1,Black,Female,<=50K,Separated,Never-worked,None,Husband,65392,Some-college,0,0
11,Kids,Outlying-US(Guam-USVI-etc),NorthAmerica,7,7,Black,Male,<=50K,Separated,Never-worked,None,Own-child,157168,11th,0,0
13,Kids,Trinadad&Tobago,CentralAmerica,1,3,Black,Male,<=50K,Divorced,Never-worked,None,Own-child,307743,Doctorate,0,0
0,Kids,United-States,NorthAmerica,1,1,Black,Female,<=50K,Divorced,Never-worked,None,Other-relative,384368,Some-college,0,0
11,Kids,Philippines,Asia,4,4,Black,Female,<=50K,Married-civ-spouse,Never-worked,None,Own-child,206720,Some-college,0,0
12,Kids,El-Salvador,CentralAmerica,7,5,Black,Male,<=50K,Separated,Never-worked,None,Not-in-family,307569,Doctorate,0,0
9,Kids,United-States,NorthAmerica,4,8,Black,Male,<=50K,Divorced,Never-worked,None,Wife,130130,Bachelors,0,0
4,Kids,Trinadad&Tobago,CentralAmerica,12,1,Black,Female,<=50K,Divorced,Never-worked,None,Unmarried,285056,Some-college,0,0
3,Kids,Canada,NorthAmerica,1,9,Black,Male,<=50K,Widowed,Never-worked,None,Not-in-family,474157,HS-grad,0,0
14,Kids,Haiti,CentralAmerica,8,0,Black,Female,<=50K,Never-married,Never-worked,None,Own-child,170966,Bachelors,0,0
13,Kids,El-Salvador,CentralAmerica,3,2,Black,Male,<=50K,Widowed,Never-worked,None,Unmarried,39585,Doctorate,0,0
13,Kids,Dominican-Republic,CentralAmerica,5,8,Black,Female,<=50K,Married-civ-spouse,Never-worked,None,Wife,85167,Some-college,0,0
5,Kids,Philippines,Asia,7,4,Black,Male,<=50K,Married-civ-spouse,Never-worked,None,Husband,116707,HS-grad,0,0
13,Kids,Poland,Europe,5,10,Black,Male,<=50K,Married-civ-spouse,Never-worked,None,Husband,410157,11th,0,0
14,Kids,Portugal,Europe,12,2,Black,Female,<=50K,Married-civ-spouse,Never-worked,None,Own-child,108729,11th,0,0
12,Kids,Haiti,CentralAmerica,12,10,Black,Male,<=50K,Separated,Never-worked,None,Husband,459868,Assoc-voc,0,0
3,Kids,China,Asia,9,8,Black,Female,<=50K,Married-civ-spouse,Never-worked,None,Husband,86285,Bachelors,0,0
10,Kids,Ecuador,SouthAmerica,5,6,Black,Female,<=50K,Divorced,Never-worked,None,Husband,485772,Bachelors,0,0
17,Kids,France,Europe,11,8,Black,Female,<=50K,Widowed,Never-worked,None,Wife,197569,HS-grad,0,0
6,Kids,Portugal,Europe,7,1,Black,Female,<=50K,Separated,Never-worked,None,Not-in-family,481139,Masters,0,0
16,Kids,Dominican-Republic,CentralAmerica,11,2,Black,Male,<=50K,Widowed,Never-worked,None,Husband,250159,11th,0,0
13,Kids,Germany,Europe,1,2,Black,Male,<=50K,Separated,Never-worked,None,Wife,45639,Masters,0,0
2,Kids,Vietnam,Asia,8,9,Black,Male,<=50K,Separated,Never-worked,None,Unmarried,62997,11th,0,0
12,Kids,Jamaica,CentralAmerica,4,4,Black,Female,<=50K,Divorced,Never-worked,None,Own-child,116166,Assoc-acdm,0,0
3,Kids,Italy,Europe,16,1,Black,Female,<=50K,Divorced,Never-worked,None,Other-relative,148346,Bachelors,0,0
8,Kids,England,Europe,4,4,Black,Male,<=50K,Divorced,Never-worked,None,Unmarried,21215,HS-grad,0,0
6,Kids,Italy,Europe,7,10,Black,Male,<=50K,Married-civ-spouse,Never-worked,None,Wife,313359,Assoc-voc,0,0
16,Kids,England,Europe,9,7,Black,Female,<=50K,Separated,Never-worked,None,Husband,411098,Doctorate,0,0
4,Kids,United-States,NorthAmerica,3,2,Black,Male,<=50K,Separated,Never-worked,None,Other-relative,321922,Doctorate,0,0
9,Kids,Portugal,Europe,8,2,Black,Female,<=50K,Separated,Never-worked,None,Unmarried,183456,HS-grad,0,0
8,Kids,Cuba,CentralAmerica,9,7,Black,Male,<=50K,Widowed,Never-worked,None,Own-child,455626,Some-college,0,0
8,Kids,Columbia,SouthAmerica,6,9,Black,Female,<=50K,Widowed,Never-worked,None,Unmarried,283856,HS-grad,0,0
11,Kids,France,Europe,14,4,Black,Male,<=50K,Divorced,Never-worked,None,Own-child,13293,Some-college,0,0
10,Kids,United-States,NorthAmerica,5,7,Black,Female,<=50K,Married-civ-spouse,Never-worked,None,Wife,160203,Assoc-acdm,0,0
9,Kids,United-States,NorthAmerica,5,8,Black,Female,<=50K,Never-married,Never-worked,None,Husband,326744,HS-grad,0,0
5,Kids,Cuba,CentralAmerica,10,6,Black,Female,<=50K,Married-civ-spouse,Never-worked,None,Other-relative,105623,Some-college,0,0
12,Kids,England,Europe,2,7,Black,Male,<=50K,Separated,Never-worked,None,Other-relative,239566,Assoc-voc,0,0
3,Kids,Germany,Europe,10,4,Black,Female,<=50K,Never-married,Never-worked,None,Unmarried,25177,11th,0,0
10,Kids,Puerto-Rico,CentralAmerica,3,10,Black,Male,<=50K,Widowed,Never-worked,None,Own-child,150424,HS-grad,0,0
7,Kids,England,Europe,8,5,Black,Female,<=50K,Married-civ-spouse,Never-worked,None,Other-relative,442645,Masters,0,0
1,Kids,Mexico,NorthAmerica,14,4,Black,Male,<=50K,Widowed,Never-worked,None,Husband,222319,11th,0,0
13,Kids,Portugal,Europe,16,5,Black,Male,<=50K,Widowed,Never-worked,None,Unmarried,355383,Assoc-voc,0,0
0,Kids,Honduras,CentralAmerica,14,9,Black,Male,<=50K,Separated,Never-worked,None,Wife,113581,Some-college,0,0
10,Kids,Trinadad&Tobago,CentralAmerica,1,5,Black,Female,<=50K,Never-married,Never-worked,None,Unmarried,422510,Assoc-voc,0,0
4,Kids,Puerto-Rico,CentralAmerica,1,7,Black,Male,<=50K,Married-civ-spouse,Never-worked,None,Wife,345670,Doctorate,0,0
13,Kids,South-Africa,Africa,16,7,Black,Male,<=50K,Separated,Never-worked,None,Not-in-family,153914,Assoc-voc,0,0
0,Kids,France,Europe,8,9,Black,Male,<=50K,Widowed,Never-worked,None,Unmarried,253880,11th,0,0
5,Kids,Poland,Europe,3,5,Black,Female,<=50K,Separated,Never-worked,None,Unmarried,216679,Doctorate,0,0
14,Kids,India,Asia,12,7,Black,Female,<=50K,Separated,Never-worked,None,Wife,220740,11th,0,0
1,Kids,Philippines,Asia,13,3,Black,Female,<=50K,Separated,Never-worked,None,Own-child,319262,Masters,0,0
10,Kids,France,Europe,14,5,Black,Male,<=50K,Never-married,Never-worked,None,Wife,262524,Doctorate,0,0
8,Kids,Haiti,CentralAmerica,15,2,Black,Female,<=50K,Divorced,Never-worked,None,Other-relative,191449,Doctorate,0,0
4,Kids,United-States,NorthAmerica,7,0,Black,Female,<=50K,Widowed,Never-worked,None,Own-child,276740,Masters,0,0
14,Kids,Columbia,SouthAmerica,4,2,Black,Male,<=50K,Widowed,Never-worked,None,Wife,85734,Bachelors,0,0
13,Kids,Peru,SouthAmerica,2,2,Black,Female,<=50K,Widowed,Never-worked,None,Own-child,178226,HS-grad,0,0
10,Kids,Honduras,CentralAmerica,13,7,Black,Female,<=50K,Married-civ-spouse,Never-worked,None,Husband,413213,Masters,0,0
1,Kids,Portugal,Europe,14,3,Black,Male,<=50K,Never-married,Never-worked,None,Husband,67492,Masters,0,0
3,Kids,Peru,SouthAmerica,15,8,Black,Male,<=50K,Separated,Never-worked,None,Husband,490948,Assoc-acdm,0,0
7,Kids,Egypt,Africa,12,10,Black,Female,<=50K,Married-civ-spouse,Never-worked,None,Husband,188935,Assoc-acdm,0,0
10,Kids,El-Salvador,CentralAmerica,14,8,Black,Female,<=50K,Never-married,Never-worked,None,Other-relative,305710,Assoc-voc,0,0
4,Kids,Ecuador,SouthAmerica,5,4,Black,Female,<=50K,Widowed,Never-worked,None,Own-child,50760,Doctorate,0,0
3,Kids,Haiti,CentralAmerica,8,3,Black,Male,<=50K,Never-married,Never-worked,None,Own-child,403397,Masters,0,0
4,Kids,South-Africa,Africa,1,2,Black,Male,<=50K,Separated,Never-worked,None,Own-child,345444,11th,0,0
0,Kids,Vietnam,Asia,8,2,Black,Male,<=50K,Separated,Never-worked,None,Husband,145835,Bachelors,0,0
11,Kids,Canada,NorthAmerica,15,8,Black,Female,<=50K,Separated,Never-worked,None,Not-in-family,347607,Assoc-acdm,0,0
13,Kids,El-Salvador,CentralAmerica,1,5,Black,Female,<=50K,Married-civ-spouse,Never-worked,None,Unmarried,461206,Bachelors,0,0
9,Kids,United-States,NorthAmerica,14,2,Black,Male,<=50K,Widowed,Never-worked,None,Own-child,295063,Masters,0,0
3,Kids,Poland,Europe,1,4,Black,Male,<=50K,Divorced,Never-worked,None,Other-relative,361672,HS-grad,0,0
10,Kids,Mexico,NorthAmerica,2,5,Black,Female,<=50K,Married-civ-spouse,Never-worked,None,Not-in-family,147096,Assoc-acdm,0,0
11,Kids,Outlying-US(Guam-USVI-etc),NorthAmerica,14,1,Black,Male,<=50K,Widowed,Never-worked,None,Unmarried,107555,11th,0,0
7,Kids,Germany,Europe,11,3,Black,Female,<=50K,Divorced,Never-worked,None,Unmarried,226762,Doctorate,0,0
0,Kids,Vietnam,Asia,14,3,Black,Female,<=50K,Widowed,Never-worked,None,Not-in-family,252833,Doctorate,0,0
11,Kids,Italy,Europe,8,7,Black,Female,<=50K,Widowed,Never-worked,None,Not-in-family,18108,Doctorate,0,0
9,Kids,Peru,SouthAmerica,4,8,Black,Male,<=50K,Married-civ-spouse,Never-worked,None,Own-child,169045,Bachelors,0,0
12,Kids,South,Asia,12,5,Black,Male,<=50K,Married-civ-spouse,Never-worked,None,Unmarried,82786,Some-college,0,0
6,Kids,England,Europe,2,0,Black,Male,<=50K,Married-civ-spouse,Never-worked,None,Wife,227543,Masters,0,0
3,Kids,France,Europe,13,2,Black,Female,<=50K,Married-civ-spouse,Never-worked,None,Own-child,459415,HS-grad,0,0
6,Kids,Mexico,NorthAmerica,3,1,Black,Male,<=50K,Divorced,Never-worked,None,Wife,495199,11th,0,0
9,Kids,Ecuador,SouthAmerica,13,0,Black,Female,<=50K,Never-married,Never-worked,None,Not-in-family,411531,Bachelors,0,0
2,Kids,Jamaica,CentralAmerica,6,1,Black,Male,<=50K,Divorced,Never-worked,None,Wife,418287,Masters,0,0
13,Kids,Greece,Europe,16,10,Black,Female,<=50K,Separated,Never-worked,None,Wife,91399,HS-grad,0,0
14,Kids,Puerto-Rico,CentralAmerica,3,6,Black,Female,<=50K,Divorced,Never-worked,None,Own-child,415031,11th,0,0
8,Kids,Japan,Asia,10,0,Black,Female,<=50K,Married-civ-spouse,Never-worked,None,Unmarried,69021,Some-college,0,0
0,Kids,Germany,Europe,15,7,Black,Male,<=50K,Widowed,Never-worked,None,Not-in-family,77327,Masters,0,0
16,Kids,South-Africa,Africa,10,1,Black,Male,<=50K,Divorced,Never-worked,None,Not-in-family,308305,11th,0,0
4,Kids,Columbia,SouthAmerica,13,8,Black,Male,<=50K,Never-married,Never-worked,None,Other-relative,260578,11th,0,0
10,Kids,Japan,Asia,14,9,Black,Male,<=50K,Separated,Never-worked,None,Own-child,376771,Doctorate,0,0
0,Kids,Outlying-US(Guam-USVI-etc),NorthAmerica,7,0,Black,Male,<=50K,Divorced,Never-worked,None,Unmarried,65279,HS-grad,0,0
5,Kids,Japan,Asia,8,2,Black,Male,<=50K,Separated,Never-worked,None,Own-child,184465,Doctorate,0,0
4,Kids,Germany,Europe,4,2,Black,Male,<=50K,Never-married,Never-worked,None,Unmarried,191074,Masters,0,0
10,Kids,Egypt,Africa,8,0,Black,Male,<=50K,Divorced,Never-worked,None,Own-child,97915,Assoc-voc,0,0
12,Kids,Ireland,Europe,5,9,Black,Female,<=50K,Married-civ-spouse,Never-worked,None,Unmarried,53549,11th,0,0
15,Kids,Columbia,SouthAmerica,16,9,Black,Male,<=50K,Divorced,Never-worked,None,Wife,116140,HS-grad,0,0
0,Kids,Egypt,Africa,4,10,Black,Female,<=50K,Never-married,Never-worked,None,Wife,126563,Doctorate,0,0
8,Kids,Germany,Europe,2,0,Black,Male,<=50K,Married-civ-spouse,Never-worked,None,Husband,208666,Masters,0,0
0,Kids,United-States,NorthAmerica,1,8,Black,Female,<=50K,Married-civ-spouse,Never-worked,None,Other-relative,392002,Assoc-acdm,0,0
3,Kids,South-Africa,Africa,12,0,Black,Female,<=50K,Divorced,Never-worked,None,Unmarried,53857,Masters,0,0
6,Kids,Italy,Europe,11,8,Black,Female,<=50K,Never-married,Never-worked,None,Other-relative,47172,Assoc-voc,0,0
3,Kids,Vietnam,Asia,14,10,Black,Male,<=50K,Separated,Never-worked,None,Husband,499125,Bachelors,0,0
4,Kids,Ecuador,SouthAmerica,2,6,Black,Female,<=50K,Separated,Never-worked,None,Other-relative,62426,HS-grad,0,0
3,Kids,England,Europe,10,7,Black,Female,<=50K,Widowed,Never-worked,None,Own-child,33677,Bachelors,0,0
9,Kids,Canada,NorthAmerica,16,6,Black,Female,<=50K,Separated,Never-worked,None,Other-relative,363386,HS-grad,0,0
4,Kids,Peru,SouthAmerica,13,3,Black,Male,<=50K,Married-civ-spouse,Never-worked,None,Wife,444537,11th,0,0
7,Kids,Haiti,CentralAmerica,6,6,Black,Female,<=50K,Never-married,Never-worked,None,Wife,264982,Bachelors,0,0
3,Kids,Jamaica,CentralAmerica,10,1,Black,Male,<=50K,Married-civ-spouse,Never-worked,None,Other-relative,357428,Masters,0,0
15,Kids,South,Asia,11,4,Black,Male,<=50K,Divorced,Never-worked,None,Husband,347608,Some-college,0,0
17,Kids,United-States,NorthAmerica,5,6,Black,Female,<=50K,Married-civ-spouse,Never-worked,None,Wife,318442,Doctorate,0,0
1,Kids,Jamaica,CentralAmerica,11,4,Black,Female,<=50K,Widowed,Never-worked,None,Unmarried,160882,HS-grad,0,0
3,Kids,Trinadad&Tobago,CentralAmerica,7,6,Black,Male,<=50K,Separated,Never-worked,None,Other-relative,235102,Bachelors,0,0
12,Kids,El-Salvador,CentralAmerica,15,0,Black,Male,<=50K,Separated,Never-worked,None,Own-child,75018,Assoc-acdm,0,0
5,Kids,Portugal,Europe,5,2,Black,Male,<=50K,Widowed,Never-worked,None,Husband,364131,Doctorate,0,0
5,Kids,Jamaica,CentralAmerica,2,5,Black,Male,<=50K,Widowed,Never-worked,None,Other-relative,260838,Masters,0,0
14,Kids,England,Europe,14,7,Black,Male,<=50K,Married-civ-spouse,Never-worked,None,Wife,142548,Assoc-acdm,0,0
13,Kids,Egypt,Africa,14,6,Black,Male,<=50K,Married-civ-spouse,Never-worked,None,Unmarried,25930,Doctorate,0,0
2,Kids,Mexico,NorthAmerica,5,8,Black,Male,<=50K,Never-married,Never-worked,None,Husband,493138,Assoc-acdm,0,0
0,Kids,Columbia,SouthAmerica,15,1,Black,Female,<=50K,Never-married,Never-worked,None,Other-relative,34183,Assoc-voc,0,0
7,Kids,Portugal,Europe,9,2,Black,Female,<=50K,Divorced,Never-worked,None,Wife,341199,Bachelors,0,0
17,Kids,South,Asia,3,5,Black,Male,<=50K,Divorced,Never-worked,None,Wife,434911,Assoc-acdm,0,0
13,Kids,Germany,Europe,4,4,Black,Male,<=50K,Widowed,Never-worked,None,Husband,145457,11th,0,0
17,Kids,Honduras,CentralAmerica,11,7,Black,Male,<=50K,Widowed,Never-worked,None,Not-in-family,325429,11th,0,0
0,Kids,South-Africa,Africa,13,8,Black,Female,<=50K,Separated,Never-worked,None,Husband,72591,HS-grad,0,0
17,Kids,Germany,Europe,6,3,Black,Female,<=50K,Widowed,Never-worked,None,Not-in-family,337378,Some-college,0,0
5,Kids,Italy,Europe,13,9,Black,Female,<=50K,Separated,Never-worked,None,Wife,476589,Bachelors,0,0
11,Kids,United-States,NorthAmerica,12,8,Black,Female,<=50K,Never-married,Never-worked,None,Own-child,121103,Some-college,0,0
15,Kids,Trinadad&Tobago,CentralAmerica,4,1,Black,Female,<=50K,Separated,Never-worked,None,Unmarried,173318,Bachelors,0,0
5,Kids,Cuba,CentralAmerica,3,4,Black,Male,<=50K,Divorced,Never-worked,None,Unmarried,446211,Assoc-acdm,0,0
1,Kids,Puerto-Rico,CentralAmerica,13,7,Black,Male,<=50K,Never-married,Never-worked,None,Own-child,233629,HS-grad,0,0
0,Kids,Mexico,NorthAmerica,16,9,Black,Female,<=50K,Widowed,Never-worked,None,Unmarried,318796,Assoc-voc,0,0
0,Kids,Honduras,CentralAmerica,16,4,Black,Female,<=50K,Married-civ-spouse,Never-worked,None,Unmarried,384820,Assoc-voc,0,0
6,Kids,Mexico,NorthAmerica,4,7,Black,Male,<=50K,Widowed,Never-worked,None,Unmarried,386846,Assoc-voc,0,0
13,Kids,Trinadad&Tobago,CentralAmerica,2,6,Black,Male,<=50K,Divorced,Never-worked,None,Wife,481976,11th,0,0
14,Kids,Greece,Europe,5,8,Black,Male,<=50K,Widowed,Never-worked,None,Husband,439901,Bachelors,0,0
5,Kids,Jamaica,CentralAmerica,6,6,Black,Female,<=50K,Separated,Never-worked,None,Other-relative,215308,Doctorate,0,0
16,Kids,Italy,Europe,2,5,Black,Male,<=50K,Widowed,Never-worked,None,Unmarried,315855,Bachelors,0,0
13,Kids,South-Africa,Africa,9,0,Black,Male,<=50K,Never-married,Never-worked,None,Not-in-family,111408,Assoc-acdm,0,0
5,Kids,Italy,Europe,1,4,Asian-Pac-Islander,Female,<=50K,Divorced,Never-worked,None,Wife,352347,Bachelors,0,0
6,Kids,Trinadad&Tobago,CentralAmerica,3,4,Asian-Pac-Islander,Female,<=50K,Married-civ-spouse,Never-worked,None,Own-child,463122,Assoc-voc,0,0
16,Kids,Canada,NorthAmerica,10,7,Asian-Pac-Islander,Female,<=50K,Married-civ-spouse,Never-worked,None,Other-relative,366293,HS-grad,0,0
13,Kids,Outlying-US(Guam-USVI-etc),NorthAmerica,13,4,Asian-Pac-Islander,Female,<=50K,Separated,Never-worked,None,Other-relative,97339,11th,0,0
17,Kids,Puerto-Rico,CentralAmerica,14,1,Asian-Pac-Islander,Male,<=50K,Married-civ-spouse,Never-worked,None,Not-in-family,151116,Doctorate,0,0
11,Kids,Japan,Asia,6,10,Asian-Pac-Islander,Female,<=50K,Separated,Never-worked,None,Unmarried,355917,Bachelors,0,0
6,Kids,India,Asia,15,9,Asian-Pac-Islander,Female,<=50K,Widowed,Never-worked,None,Own-child,89301,11th,0,0
16,Kids,Outlying-US(Guam-USVI-etc),NorthAmerica,5,1,Asian-Pac-Islander,Female,<=50K,Widowed,Never-worked,None,Husband,183122,11th,0,0
17,Kids,Cuba,CentralAmerica,1,0,Asian-Pac-Islander,Male,<=50K,Never-married,Never-worked,None,Other-relative,43852,Masters,0,0
14,Kids,South-Africa,Africa,5,1,Asian-Pac-Islander,Female,<=50K,Divorced,Never-worked,None,Own-child,308011,11th,0,0
6,Kids,Columbia,SouthAmerica,9,1,Asian-Pac-Islander,Male,<=50K,Never-married,Never-worked,None,Unmarried,205681,11th,0,0
15,Kids,Greece,Europe,16,6,Asian-Pac-Islander,Male,<=50K,Divorced,Never-worked,None,Unmarried,220426,Bachelors,0,0
10,Kids,England,Europe,9,2,Asian-Pac-Islander,Male,<=50K,Married-civ-spouse,Never-worked,None,Other-relative,465354,11th,0,0
2,Kids,Egypt,Africa,7,4,Asian-Pac-Islander,Male,<=50K,Widowed,Never-worked,None,Own-child,224202,Masters,0,0
7,Kids,Trinadad&Tobago,CentralAmerica,10,9,Asian-Pac-Islander,Female,<=50K,Separated,Never-worked,None,Unmarried,23560,Assoc-voc,0,0
17,Kids,United-States,NorthAmerica,6,2,Asian-Pac-Islander,Male,<=50K,Separated,Never-worked,None,Other-relative,341448,Doctorate,0,0
9,Kids,Vietnam,Asia,9,6,Asian-Pac-Islander,Male,<=50K,Married-civ-spouse,Never-worked,None,Husband,23137,Some-college,0,0
0,Kids,Philippines,Asia,10,4,Asian-Pac-Islander,Female,<=50K,Never-married,Never-worked,None,Wife,120097,11th,0,0
11,Kids,South-Africa,Africa,11,7,Asian-Pac-Islander,Female,<=50K,Divorced,Never-worked,None,Own-child,352323,Assoc-acdm,0,0
5,Kids,Philippines,Asia,3,2,Asian-Pac-Islander,Male,<=50K,Married-civ-spouse,Never-worked,None,Husband,469973,Doctorate,0,0
1,Kids,South-Africa,Africa,2,1,Asian-Pac-Islander,Male,<=50K,Divorced,Never-worked,None,Wife,307837,HS-grad,0,0
3,Kids,El-Salvador,CentralAmerica,10,2,Asian-Pac-Islander,Male,<=50K,Separated,Never-worked,None,Own-child,446222,Assoc-voc,0,0
7,Kids,Germany,Europe,8,7,Asian-Pac-Islander,Female,<=50K,Separated,Never-worked,None,Not-in-family,384451,11th,0,0
2,Kids,Poland,Europe,9,8,Asian-Pac-Islander,Male,<=50K,Separated,Never-worked,None,Not-in-family,388609,Masters,0,0
11,Kids,Poland,Europe,5,9,Asian-Pac-Islander,Female,<=50K,Divorced,Never-worked,None,Unmarried,319313,11th,0,0
1,Kids,Poland,Europe,7,8,Asian-Pac-Islander,Female,<=50K,Divorced,Never-worked,None,Own-child,326167,Masters,0,0
5,Kids,Mexico,NorthAmerica,1,0,Asian-Pac-Islander,Female,<=50K,Never-married,Never-worked,None,Other-relative,443126,HS-grad,0,0
14,Kids,France,Europe,4,8,Asian-Pac-Islander,Male,<=50K,Married-civ-spouse,Never-worked,None,Own-child,93382,Bachelors,0,0
14,Kids,Honduras,CentralAmerica,5,4,Asian-Pac-Islander,Female,<=50K,Widowed,Never-worked,None,Husband,424875,11th,0,0
12,Kids,Cuba,CentralAmerica,10,3,Asian-Pac-Islander,Male,<=50K,Separated,Never-worked,None,Wife,50233,Bachelors,0,0
2,Kids,Trinadad&Tobago,CentralAmerica,8,1,Asian-Pac-Islander,Female,<=50K,Never-married,Never-worked,None,Not-in-family,484615,Bachelors,0,0
10,Kids,Portugal,Europe,8,2,Asian-Pac-Islander,Female,<=50K,Separated,Never-worked,None,Own-child,96763,Bachelors,0,0
12,Kids,Honduras,CentralAmerica,16,7,Asian-Pac-Islander,Female,<=50K,Widowed,Never-worked,None,Not-in-family,128278,Assoc-voc,0,0
5,Kids,South,Asia,6,10,Asian-Pac-Islander,Male,<=50K,Married-civ-spouse,Never-worked,None,Other-relative,46428,Assoc-voc,0,0
14,Kids,United-States,NorthAmerica,4,2,Asian-Pac-Islander,Male,<=50K,Divorced,Never-worked,None,Husband,292455,Bachelors,0,0
10,Kids,Jamaica,CentralAmerica,3,5,Asian-Pac-Islander,Male,<=50K,Widowed,Never-worked,None,Husband,190794,Bachelors,0,0
5,Kids,Philippines,Asia,3,10,Asian-Pac-Islander,Female,<=50K,Widowed,Never-worked,None,Unmarried,58107,11th,0,0
17,Kids,South,Asia,2,3,Asian-Pac-Islander,Male,<=50K,Widowed,Never-worked,None,Husband,438914,HS-grad,0,0
11,Kids,Dominican-Republic,CentralAmerica,3,7,Asian-Pac-Islander,Male,<=50K,Separated,Never-worked,None,Unmarried,387204,Assoc-acdm,0,0
1,Kids,Ecuador,SouthAmerica,12,3,Asian-Pac-Islander,Male,<=50K,Widowed,Never-worked,None,Unmarried,488561,Bachelors,0,0
10,Kids,Peru,SouthAmerica,5,2,Asian-Pac-Islander,Female,<=50K,Separated,Never-worked,None,Unmarried,186484,Assoc-voc,0,0
0,Kids,Philippines,Asia,15,5,Asian-Pac-Islander,Male,<=50K,Separated,Never-worked,None,Wife,444940,Assoc-acdm,0,0
5,Kids,Italy,Europe,14,5,Asian-Pac-Islander,Female,<=50K,Never-married,Never-worked,None,Own-child,428551,11th,0,0
3,Kids,Dominican-Republic,CentralAmerica,2,9,Asian-Pac-Islander,Male,<=50K,Divorced,Never-worked,None,Not-in-family,179874,Assoc-voc,0,0
1,Kids,Ecuador,SouthAmerica,8,4,Asian-Pac-Islander,Male,<=50K,Married-civ-spouse,Never-worked,None,Wife,182495,HS-grad,0,0
15,Kids,Germany,Europe,10,0,Asian-Pac-Islander,Male,<=50K,Divorced,Never-worked,None,Wife,381392,Bachelors,0,0
17,Kids,South-Africa,Africa,12,8,Asian-Pac-Islander,Male,<=50K,Divorced,Never-worked,None,Own-child,471898,Doctorate,0,0
9,Kids,Greece,Europe,11,4,Asian-Pac-Islander,Female,<=50K,Widowed,Never-worked,None,Husband,400185,HS-grad,0,0
11,Kids,Egypt,Africa,2,7,Asian-Pac-Islander,Male,<=50K,Widowed,Never-worked,None,Other-relative,443904,Doctorate,0,0
11,Kids,Ireland,Europe,4,8,Asian-Pac-Islander,Female,<=50K,Widowed,Never-worked,None,Husband,232663,Masters,0,0
4,Kids,Puerto-Rico,CentralAmerica,15,6,Asian-Pac-Islander,Male,<=50K,Separated,Never-worked,None,Other-relative,453479,Assoc-voc,0,0
1,Kids,Greece,Europe,13,0,Asian-Pac-Islander,Male,<=50K,Separated,Never-worked,None,Unmarried,34206,Doctorate,0,0
17,Kids,Trinadad&Tobago,CentralAmerica,1,4,Asian-Pac-Islander,Female,<=50K,Never-married,Never-worked,None,Wife,282233,Assoc-voc,0,0
10,Kids,Germany,Europe,6,7,Asian-Pac-Islander,Female,<=50K,Married-civ-spouse,Never-worked,None,Wife,106105,11th,0,0
14,Kids,France,Europe,13,2,Asian-Pac-Islander,Female,<=50K,Never-married,Never-worked,None,Unmarried,372942,Assoc-voc,0,0
12,Kids,Japan,Asia,10,10,Asian-Pac-Islander,Male,<=50K,Separated,Never-worked,None,Other-relative,31885,Some-college,0,0
3,Kids,China,Asia,1,8,Asian-Pac-Islander,Male,<=50K,Separated,Never-worked,None,Not-in-family,331753,Bachelors,0,0
13,Kids,United-States,NorthAmerica,12,4,Asian-Pac-Islander,Female,<=50K,Divorced,Never-worked,None,Not-in-family,98805,Some-college,0,0
16,Kids,El-Salvador,CentralAmerica,7,3,Asian-Pac-Islander,Female,<=50K,Widowed,Never-worked,None,Own-child,396756,HS-grad,0,0
13,Kids,Philippines,Asia,15,8,Asian-Pac-Islander,Male,<=50K,Married-civ-spouse,Never-worked,None,Not-in-family,323530,Some-college,0,0
12,Kids,China,Asia,10,5,Asian-Pac-Islander,Male,<=50K,Divorced,Never-worked,None,Not-in-family,47638,Assoc-acdm,0,0
8,Kids,El-Salvador,CentralAmerica,2,7,Asian-Pac-Islander,Female,<=50K,Separated,Never-worked,None,Other-relative,112848,11th,0,0
7,Kids,El-Salvador,CentralAmerica,3,10,Asian-Pac-Islander,Male,<=50K,Separated,Never-worked,None,Own-child,245969,Assoc-acdm,0,0
3,Kids,Philippines,Asia,11,4,Asian-Pac-Islander,Female,<=50K,Divorced,Never-worked,None,Other-relative,389665,11th,0,0
1,Kids,United-States,NorthAmerica,14,1,Asian-Pac-Islander,Female,<=50K,Divorced,Never-worked,None,Wife,48090,11th,0,0
13,Kids,China,Asia,15,4,Asian-Pac-Islander,Female,<=50K,Separated,Never-worked,None,Husband,414128,11th,0,0
11,Kids,South,Asia,14,5,Asian-Pac-Islander,Male,<=50K,Married-civ-spouse,Never-worked,None,Not-in-family,226000,Bachelors,0,0
4,Kids,Germany,Europe,14,7,Asian-Pac-Islander,Male,<=50K,Separated,Never-worked,None,Own-child,313564,Doctorate,0,0
13,Kids,Columbia,SouthAmerica,11,5,Asian-Pac-Islander,Male,<=50K,Never-married,Never-worked,None,Unmarried,88627,Some-college,0,0
17,Kids,El-Salvador,CentralAmerica,11,3,Asian-Pac-Islander,Female,<=50K,Separated,Never-worked,None,Own-child,308523,Assoc-acdm,0,0
17,Kids,Ireland,Europe,14,1,Asian-Pac-Islander,Female,<=50K,Divorced,Never-worked,None,Husband,165796,Assoc-acdm,0,0
11,Kids,Egypt,Africa,7,8,Asian-Pac-Islander,Female,<=50K,Never-married,Never-worked,None,Unmarried,460917,11th,0,0
7,Kids,El-Salvador,CentralAmerica,11,10,Asian-Pac-Islander,Female,<=50K,Divorced,Never-worked,None,Not-in-family,41025,Some-college,0,0
7,Kids,Outlying-US(Guam-USVI-etc),NorthAmerica,1,8,Asian-Pac-Islander,Female,<=50K,Divorced,Never-worked,None,Not-in-family,246440,Masters,0,0
6,Kids,Trinadad&Tobago,CentralAmerica,14,4,Asian-Pac-Islander,Female,<=50K,Divorced,Never-worked,None,Unmarried,422655,11th,0,0
8,Kids,Greece,Europe,7,9,Asian-Pac-Islander,Female,<=50K,Never-married,Never-worked,None,Own-child,294053,Masters,0,0
4,Kids,Japan,Asia,10,3,Asian-Pac-Islander,Female,<=50K,Never-married,Never-worked,None,Husband,474877,Bachelors,0,0
9,Kids,Peru,SouthAmerica,2,6,Asian-Pac-Islander,Male,<=50K,Married-civ-spouse,Never-worked,None,Other-relative,81382,Doctorate,0,0
6,Kids,Haiti,CentralAmerica,6,6,Asian-Pac-Islander,Female,<=50K,Never-married,Never-worked,None,Other-relative,322052,Masters,0,0
0,Kids,Trinadad&Tobago,CentralAmerica,4,1,Asian-Pac-Islander,Female,<=50K,Never-married,Never-worked,None,Own-child,268242,HS-grad,0,0
11,Kids,Outlying-US(Guam-USVI-etc),NorthAmerica,2,9,Asian-Pac-Islander,Female,<=50K,Separated,Never-worked,None,Not-in-family,308364,Some-college,0,0
12,Kids,Haiti,CentralAmerica,3,6,Asian-Pac-Islander,Male,<=50K,Never-married,Never-worked,None,Wife,284409,Assoc-voc,0,0
15,Kids,Peru,SouthAmerica,14,10,Asian-Pac-Islander,Male,<=50K,Married-civ-spouse,Never-worked,None,Wife,475399,Some-college,0,0
0,Kids,England,Europe,16,0,Asian-Pac-Islander,Female,<=50K,Married-civ-spouse,Never-worked,None,Unmarried,37432,Masters,0,0
0,Kids,South,Asia,1,8,Asian-Pac-Islander,Male,<=50K,Widowed,Never-worked,None,Husband,324047,Some-college,0,0
4,Kids,Greece,Europe,7,5,Asian-Pac-Islander,Female,<=50K,Widowed,Never-worked,None,Other-relative,473457,Doctorate,0,0
14,Kids,Philippines,Asia,11,0,Asian-Pac-Islander,Female,<=50K,Widowed,Never-worked,None,Wife,432186,Assoc-acdm,0,0
2,Kids,Peru,SouthAmerica,13,3,Asian-Pac-Islander,Female,<=50K,Widowed,Never-worked,None,Other-relative,207737,Bachelors,0,0
16,Kids,United-States,NorthAmerica,2,9,Asian-Pac-Islander,Female,<=50K,Widowed,Never-worked,None,Unmarried,53657,Assoc-voc,0,0
11,Kids,Mexico,NorthAmerica,15,3,Asian-Pac-Islander,Male,<=50K,Widowed,Never-worked,None,Unmarried,230570,Assoc-acdm,0,0
0,Kids,Dominican-Republic,CentralAmerica,8,7,Asian-Pac-Islander,Male,<=50K,Never-married,Never-worked,None,Other-relative,451070,11th,0,0
7,Kids,United-States,NorthAmerica,6,4,Asian-Pac-Islander,Male,<=50K,Never-married,Never-worked,None,Not-in-family,438547,Assoc-voc,0,0
2,Kids,France,Europe,13,10,Asian-Pac-Islander,Female,<=50K,Divorced,Never-worked,None,Own-child,238822,Doctorate,0,0
10,Kids,Puerto-Rico,CentralAmerica,8,9,Asian-Pac-Islander,Male,<=50K,Married-civ-spouse,Never-worked,None,Other-relative,371483,11th,0,0
16,Kids,Japan,Asia,3,6,Asian-Pac-Islander,Male,<=50K,Never-married,Never-worked,None,Wife,36002,11th,0,0
16,Kids,Columbia,SouthAmerica,2,8,Asian-Pac-Islander,Female,<=50K,Divorced,Never-worked,None,Other-relative,482334,Some-college,0,0
1,Kids,Vietnam,Asia,9,6,Asian-Pac-Islander,Female,<=50K,Never-married,Never-worked,None,Wife,310853,Assoc-acdm,0,0
12,Kids,Dominican-Republic,CentralAmerica,1,1,Asian-Pac-Islander,Male,<=50K,Widowed,Never-worked,None,Wife,215035,Masters,0,0
10,Kids,Cuba,CentralAmerica,15,10,Asian-Pac-Islander,Female,<=50K,Never-married,Never-worked,None,Not-in-family,251973,Assoc-voc,0,0
7,Kids,India,Asia,13,4,Asian-Pac-Islander,Female,<=50K,Never-married,Never-worked,None,Husband,499307,11th,0,0
11,Kids,Peru,SouthAmerica,4,3,Asian-Pac-Islander,Female,<=50K,Never-married,Never-worked,None,Own-child,111091,Doctorate,0,0
15,Kids,Italy,Europe,3,1,Asian-Pac-Islander,Female,<=50K,Widowed,Never-worked,None,Other-relative,329858,Assoc-acdm,0,0
0,Kids,Germany,Europe,15,4,Asian-Pac-Islander,Male,<=50K,Widowed,Never-worked,None,Other-relative,426310,Assoc-acdm,0,0
10,Kids,South,Asia,8,3,Asian-Pac-Islander,Female,<=50K,Separated,Never-worked,None,Other-relative,235681,Assoc-voc,0,0
12,Kids,France,Europe,11,6,Asian-Pac-Islander,Male,<=50K,Never-married,Never-worked,None,Other-relative,418752,Bachelors,0,0
12,Kids,Jamaica,CentralAmerica,2,2,Asian-Pac-Islander,Female,<=50K,Never-married,Never-worked,None,Wife,467413,Assoc-acdm,0,0
0,Kids,El-Salvador,CentralAmerica,3,3,Asian-Pac-Islander,Female,<=50K,Never-married,Never-worked,None,Unmarried,173559,Bachelors,0,0
3,Kids,Greece,Europe,2,9,Asian-Pac-Islander,Male,<=50K,Widowed,Never-worked,None,Not-in-family,295196,HS-grad,0,0
5,Kids,Cuba,CentralAmerica,6,2,Asian-Pac-Islander,Female,<=50K,Married-civ-spouse,Never-worked,None,Own-child,282151,HS-grad,0,0
4,Kids,Peru,SouthAmerica,14,5,Asian-Pac-Islander,Male,<=50K,Widowed,Never-worked,None,Unmarried,180136,Masters,0,0
1,Kids,El-Salvador,CentralAmerica,16,3,Asian-Pac-Islander,Male,<=50K,Married-civ-spouse,Never-worked,None,Husband,75010,Doctorate,0,0
16,Kids,Trinadad&Tobago,CentralAmerica,2,7,Asian-Pac-Islander,Female,<=50K,Widowed,Never-worked,None,Own-child,189119,Assoc-voc,0,0
4,Kids,England,Europe,13,9,Asian-Pac-Islander,Male,<=50K,Widowed,Never-worked,None,Wife,57117,Assoc-acdm,0,0
11,Kids,Portugal,Europe,3,10,Asian-Pac-Islander,Female,<=50K,Married-civ-spouse,Never-worked,None,Not-in-family,43111,Some-college,0,0
6,Kids,Mexico,NorthAmerica,14,6,Asian-Pac-Islander,Female,<=50K,Divorced,Never-worked,None,Husband,331907,Assoc-acdm,0,0
3,Kids,Cuba,CentralAmerica,10,9,Asian-Pac-Islander,Female,<=50K,Separated,Never-worked,None,Unmarried,431250,Masters,0,0
0,Kids,Greece,Europe,10,1,Asian-Pac-Islander,Male,<=50K,Married-civ-spouse,Never-worked,None,Own-child,89504,Masters,0,0
12,Kids,Peru,SouthAmerica,12,6,Asian-Pac-Islander,Female,<=50K,Never-married,Never-worked,None,Not-in-family,264425,Assoc-voc,0,0
16,Kids,France,Europe,12,6,Asian-Pac-Islander,Male,<=50K,Widowed,Never-worked,None,Husband,232896,11th,0,0
8,Kids,United-States,NorthAmerica,9,6,Asian-Pac-Islander,Male,<=50K,Never-married,Never-worked,None,Own-child,395604,Bachelors,0,0
10,Kids,Mexico,NorthAmerica,12,5,Asian-Pac-Islander,Male,<=50K,Never-married,Never-worked,None,Wife,271297,Bachelors,0,0
7,Kids,France,Europe,9,0,Asian-Pac-Islander,Male,<=50K,Married-civ-spouse,Never-worked,None,Wife,23400,Bachelors,0,0
9,Kids,El-Salvador,CentralAmerica,7,5,Asian-Pac-Islander,Female,<=50K,Married-civ-spouse,Never-worked,None,Unmarried,173955,Bachelors,0,0
12,Kids,Portugal,Europe,11,7,Asian-Pac-Islander,Female,<=50K,Married-civ-spouse,Never-worked,None,Own-child,463083,HS-grad,0,0
0,Kids,Greece,Europe,9,7,Asian-Pac-Islander,Female,<=50K,Never-married,Never-worked,None,Other-relative,261019,HS-grad,0,0
5,Kids,Mexico,NorthAmerica,10,9,Asian-Pac-Islander,Male,<=50K,Never-married,Never-worked,None,Husband,159090,11th,0,0
5,Kids,England,Europe,1,4,Asian-Pac-Islander,Male,<=50K,Widowed,Never-worked,None,Wife,317324,Assoc-voc,0,0
1,Kids,Dominican-Republic,CentralAmerica,11,9,Asian-Pac-Islander,Female,<=50K,Married-civ-spouse,Never-worked,None,Own-child,221723,Masters,0,0
3,Kids,Philippines,Asia,6,10,Asian-Pac-Islander,Female,<=50K,Widowed,Never-worked,None,Not-in-family,100451,Masters,0,0
3,Kids,Jamaica,CentralAmerica,6,8,Asian-Pac-Islander,Female,<=50K,Married-civ-spouse,Never-worked,None,Husband,479522,Some-college,0,0
2,Kids,South-Africa,Africa,1,9,Asian-Pac-Islander,Female,<=50K,Married-civ-spouse,Never-worked,None,Not-in-family,139364,Masters,0,0
16,Kids,Greece,Europe,15,0,Asian-Pac-Islander,Male,<=50K,Separated,Never-worked,None,Other-relative,340672,Assoc-acdm,0,0
12,Kids,Poland,Europe,4,2,Asian-Pac-Islander,Female,<=50K,Never-married,Never-worked,None,Unmarried,415312,Bachelors,0,0
11,Kids,Mexico,NorthAmerica,12,0,Asian-Pac-Islander,Female,<=50K,Never-married,Never-worked,None,Unmarried,443316,11th,0,0
14,Kids,China,Asia,3,9,Asian-Pac-Islander,Female,<=50K,Never-married,Never-worked,None,Husband,461302,Masters,0,0
1,Kids,Mexico,NorthAmerica,12,1,Asian-Pac-Islander,Female,<=50K,Divorced,Never-worked,None,Unmarried,265579,Assoc-acdm,0,0
2,Kids,England,Europe,11,1,Asian-Pac-Islander,Male,<=50K,Never-married,Never-worked,None,Husband,221921,11th,0,0
7,Kids,Mexico,NorthAmerica,11,5,Asian-Pac-Islander,Male,<=50K,Separated,Never-worked,None,Wife,408568,HS-grad,0,0
17,Kids,South,Asia,9,8,Asian-Pac-Islander,Female,<=50K,Widowed,Never-worked,None,Wife,26111,Masters,0,0
3,Kids,Germany,Europe,3,7,Asian-Pac-Islander,Female,<=50K,Separated,Never-worked,None,Husband,482682,Masters,0,0
12,Kids,Columbia,SouthAmerica,13,8,Asian-Pac-Islander,Male,<=50K,Never-married,Never-worked,None,Not-in-family,42912,HS-grad,0,0
1,Kids,India,Asia,6,9,Asian-Pac-Islander,Female,<=50K,Married-civ-spouse,Never-worked,None,Husband,181486,Doctorate,0,0
14,Kids,China,Asia,10,2,Asian-Pac-Islander,Male,<=50K,Separated,Never-worked,None,Wife,23047,Assoc-voc,0,0
2,Kids,Philippines,Asia,5,7,Asian-Pac-Islander,Male,<=50K,Separated,Never-worked,None,Unmarried,307551,Doctorate,0,0
9,Kids,Ecuador,SouthAmerica,2,1,Asian-Pac-Islander,Female,<=50K,Never-married,Never-worked,None,Unmarried,305163,Assoc-acdm,0,0
0,Kids,El-Salvador,CentralAmerica,6,9,Asian-Pac-Islander,Male,<=50K,Married-civ-spouse,Never-worked,None,Own-child,141365,Doctorate,0,0
15,Kids,Puerto-Rico,CentralAmerica,10,8,Asian-Pac-Islander,Male,<=50K,Married-civ-spouse,Never-worked,None,Wife,197613,Masters,0,0
9,Kids,Mexico,NorthAmerica,7,5,Asian-Pac-Islander,Female,<=50K,Never-married,Never-worked,None,Husband,413689,HS-grad,0,0
12,Kids,Cuba,CentralAmerica,11,3,Asian-Pac-Islander,Male,<=50K,Never-married,Never-worked,None,Wife,354364,Assoc-acdm,0,0
14,Kids,South,Asia,10,6,Asian-Pac-Islander,Male,<=50K,Divorced,Never-worked,None,Own-child,249033,11th,0,0
3,Kids,Outlying-US(Guam-USVI-etc),NorthAmerica,3,0,Asian-Pac-Islander,Female,<=50K,Widowed,Never-worked,None,Husband,127700,11th,0,0
6,Kids,Vietnam,Asia,13,5,Asian-Pac-Islander,Male,<=50K,Widowed,Never-worked,None,Wife,41696,Doctorate,0,0
1,Kids,United-States,NorthAmerica,1,9,Asian-Pac-Islander,Male,<=50K,Divorced,Never-worked,None,Not-in-family,177789,Masters,0,0
12,Kids,Egypt,Africa,3,1,Asian-Pac-Islander,Male,<=50K,Separated,Never-worked,None,Not-in-family,329563,Assoc-voc,0,0
2,Kids,Poland,Europe,13,7,Asian-Pac-Islander,Male,<=50K,Divorced,Never-worked,None,Other-relative,439895,Assoc-voc,0,0
5,Kids,France,Europe,15,9,Asian-Pac-Islander,Male,<=50K,Widowed,Never-worked,None,Other-relative,121592,Bachelors,0,0
17,Kids,China,Asia,15,7,Asian-Pac-Islander,Male,<=50K,Divorced,Never-worked,None,Other-relative,191084,Assoc-voc,0,0
17,Kids,Puerto-Rico,CentralAmerica,7,9,Asian-Pac-Islander,Female,<=50K,Widowed,Never-worked,None,Own-child,424260,Bachelors,0,0
7,Kids,France,Europe,14,9,Asian-Pac-Islander,Male,<=50K,Married-civ-spouse,Never-worked,None,Other-relative,268629,Assoc-voc,0,0
6,Kids,Japan,Asia,2,2,Asian-Pac-Islander,Male,<=50K,Married-civ-spouse,Never-worked,None,Husband,49799,Masters,0,0
0,Kids,Greece,Europe,7,0,Asian-Pac-Islander,Male,<=50K,Divorced,Never-worked,None,Not-in-family,391057,11th,0,0
14,Kids,South,Asia,15,4,Asian-Pac-Islander,Female,<=50K,Widowed,Never-worked,None,Own-child,205991,11th,0,0
6,Kids,France,Europe,2,5,Asian-Pac-Islander,Male,<=50K,Widowed,Never-worked,None,Husband,441965,Assoc-voc,0,0
9,Kids,El-Salvador,CentralAmerica,14,3,Asian-Pac-Islander,Male,<=50K,Divorced,Never-worked,None,Wife,52449,11th,0,0
12,Kids,Honduras,CentralAmerica,5,8,Asian-Pac-Islander,Female,<=50K,Never-married,Never-worked,None,Unmarried,291829,HS-grad,0,0
2,Kids,Egypt,Africa,12,1,Asian-Pac-Islander,Male,<=50K,Widowed,Never-worked,None,Unmarried,226812,Bachelors,0,0
0,Kids,South,Asia,7,2,Asian-Pac-Islander,Female,<=50K,Married-civ-spouse,Never-worked,None,Not-in-family,10772,Assoc-acdm,0,0
15,Kids,India,Asia,12,4,Asian-Pac-Islander,Female,<=50K,Widowed,Never-worked,None,Wife,150859,Some-college,0,0
0,Kids,England,Europe,16,6,Asian-Pac-Islander,Male,<=50K,Widowed,Never-worked,None,Not-in-family,412096,11th,0,0
0,Kids,Poland,Europe,2,1,Asian-Pac-Islander,Male,<=50K,Divorced,Never-worked,None,Not-in-family,60404,Some-college,0,0
9,Kids,Ireland,Europe,1,2,Asian-Pac-Islander,Female,<=50K,Widowed,Never-worked,None,Other-relative,15375,Masters,0,0
12,Kids,Ireland,Europe,12,1,Asian-Pac-Islander,Female,<=50K,Married-civ-spouse,Never-worked,None,Not-in-family,299700,Masters,0,0
9,Kids,United-States,NorthAmerica,16,3,Asian-Pac-Islander,Female,<=50K,Widowed,Never-worked,None,Wife,365947,HS-grad,0,0
16,Kids,Trinadad&Tobago,CentralAmerica,11,1,Asian-Pac-Islander,Male,<=50K,Never-married,Never-worked,None,Unmarried,172914,Masters,0,0
2,Kids,Vietnam,Asia,1,9,Asian-Pac-Islander,Male,<=50K,Divorced,Never-worked,None,Not-in-family,451419,Bachelors,0,0
6,Kids,Honduras,CentralAmerica,14,3,Asian-Pac-Islander,Male,<=50K,Separated,Never-worked,None,Unmarried,122233,HS-grad,0,0
14,Kids,Germany,Europe,5,0,Asian-Pac-Islander,Male,<=50K,Separated,Never-worked,None,Other-relative,386279,Doctorate,0,0
16,Kids,Philippines,Asia,8,1,Asian-Pac-Islander,Male,<=50K,Never-married,Never-worked,None,Other-relative,429266,Bachelors,0,0
1,Kids,Ireland,Europe,1,5,Asian-Pac-Islander,Female,<=50K,Never-married,Never-worked,None,Wife,34155,Doctorate,0,0
6,Kids,Peru,SouthAmerica,4,4,Asian-Pac-Islander,Male,<=50K,Widowed,Never-worked,None,Not-in-family,28307,Some-college,0,0
11,Kids,El-Salvador,CentralAmerica,12,0,Asian-Pac-Islander,Female,<=50K,Divorced,Never-worked,None,Unmarried,28608,11th,0,0
8,Kids,Vietnam,Asia,1,2,Asian-Pac-Islander,Female,<=50K,Separated,Never-worked,None,Husband,178036,Masters,0,0
5,Kids,Greece,Europe,9,1,Asian-Pac-Islander,Female,<=50K,Never-married,Never-worked,None,Other-relative,147268,Assoc-acdm,0,0
4,Kids,Italy,Europe,10,4,Asian-Pac-Islander,Female,<=50K,Never-married,Never-worked,None,Unmarried,16758,Assoc-voc,0,0
11,Kids,Trinadad&Tobago,CentralAmerica,4,0,Asian-Pac-Islander,Female,<=50K,Divorced,Never-worked,None,Other-relative,60731,Assoc-voc,0,0
2,Kids,Puerto-Rico,CentralAmerica,6,4,Asian-Pac-Islander,Female,<=50K,Widowed,Never-worked,None,Own-child,252037,Bachelors,0,0
4,Kids,Jamaica,CentralAmerica,9,7,Asian-Pac-Islander,Female,<=50K,Separated,Never-worked,None,Other-relative,200342,Bachelors,0,0
1,Kids,Ecuador,SouthAmerica,16,2,Asian-Pac-Islander,Male,<=50K,Never-married,Never-worked,None,Other-relative,75599,Some-college,0,0
4,Kids,Japan,Asia,2,1,Asian-Pac-Islander,Male,<=50K,Married-civ-spouse,Never-worked,None,Own-child,352232,Some-college,0,0
13,Kids,Outlying-US(Guam-USVI-etc),NorthAmerica,4,5,Asian-Pac-Islander,Female,<=50K,Divorced,Never-worked,None,Other-relative,430920,Bachelors,0,0
7,Kids,Ireland,Europe,4,4,Asian-Pac-Islander,Female,<=50K,Married-civ-spouse,Never-worked,None,Not-in-family,148396,Some-college,0,0
8,Kids,Germany,Europe,2,0,Asian-Pac-Islander,Female,<=50K,Divorced,Never-worked,None,Unmarried,192713,11th,0,0
8,Kids,Italy,Europe,1,4,Asian-Pac-Islander,Female,<=50K,Separated,Never-worked,None,Not-in-family,127997,Some-college,0,0
5,Kids,Japan,Asia,15,6,Asian-Pac-Islander,Male,<=50K,Married-civ-spouse,Never-worked,None,Not-in-family,71169,Assoc-voc,0,0
15,Kids,Mexico,NorthAmerica,10,7,Asian-Pac-Islander,Female,<=50K,Divorced,Never-worked,None,Husband,70197,Bachelors,0,0
0,Kids,Honduras,CentralAmerica,1,4,Asian-Pac-Islander,Female,<=50K,Widowed,Never-worked,None,Own-child,236009,Bachelors,0,0
4,Kids,Cuba,CentralAmerica,12,4,Asian-Pac-Islander,Male,<=50K,Never-married,Never-worked,None,Not-in-family,26228,Doctorate,0,0
11,Kids,Ireland,Europe,2,1,Asian-Pac-Islander,Female,<=50K,Married-civ-spouse,Never-worked,None,Wife,294278,Assoc-acdm,0,0
5,Kids,United-States,NorthAmerica,9,4,Asian-Pac-Islander,Male,<=50K,Widowed,Never-worked,None,Other-relative,81663,Some-college,0,0
5,Kids,India,Asia,15,1,Asian-Pac-Islander,Female,<=50K,Divorced,Never-worked,None,Husband,359450,11th,0,0
7,Kids,Portugal,Europe,7,8,Amer-Indian-Eskimo,Male,<=50K,Married-civ-spouse,Never-worked,None,Husband,232080,Masters,0,0
2,Kids,India,Asia,4,3,Amer-Indian-Eskimo,Female,<=50K,Married-civ-spouse,Never-worked,None,Wife,138617,Doctorate,0,0
16,Kids,Outlying-US(Guam-USVI-etc),NorthAmerica,15,10,Amer-Indian-Eskimo,Male,<=50K,Widowed,Never-worked,None,Other-relative,313536,Bachelors,0,0
4,Kids,Poland,Europe,2,7,Amer-Indian-Eskimo,Male,<=50K,Never-married,Never-worked,None,Not-in-family,249805,Some-college,0,0
13,Kids,Poland,Europe,6,9,Amer-Indian-Eskimo,Male,<=50K,Never-married,Never-worked,None,Other-relative,328137,11th,0,0
17,Kids,Cuba,CentralAmerica,10,3,Amer-Indian-Eskimo,Male,<=50K,Never-married,Never-worked,None,Wife,328195,Masters,0,0
0,Kids,United-States,NorthAmerica,1,8,Amer-Indian-Eskimo,Female,<=50K,Separated,Never-worked,None,Husband,243701,Assoc-voc,0,0
17,Kids,India,Asia,12,4,Amer-Indian-Eskimo,Female,<=50K,Never-married,Never-worked,None,Own-child,94094,Bachelors,0,0
6,Kids,Egypt,Africa,4,8,Amer-Indian-Eskimo,Male,<=50K,Separated,Never-worked,None,Husband,273356,HS-grad,0,0
8,Kids,Italy,Europe,15,2,Amer-Indian-Eskimo,Male,<=50K,Widowed,Never-worked,None,Unmarried,430626,Assoc-voc,0,0
3,Kids,Vietnam,Asia,1,5,Amer-Indian-Eskimo,Female,<=50K,Married-civ-spouse,Never-worked,None,Wife,25079,Assoc-voc,0,0
5,Kids,Columbia,SouthAmerica,14,5,Amer-Indian-Eskimo,Female,<=50K,Never-married,Never-worked,None,Unmarried,346026,Assoc-acdm,0,0
13,Kids,Cuba,CentralAmerica,3,7,Amer-Indian-Eskimo,Female,<=50K,Separated,Never-worked,None,Own-child,83213,Assoc-acdm,0,0
12,Kids,England,Europe,8,5,Amer-Indian-Eskimo,Male,<=50K,Divorced,Never-worked,None,Own-child,98628,Assoc-acdm,0,0
3,Kids,Dominican-Republic,CentralAmerica,7,8,Amer-Indian-Eskimo,Male,<=50K,Never-married,Never-worked,None,Other-relative,69535,Assoc-voc,0,0
8,Kids,Honduras,CentralAmerica,3,1,Amer-Indian-Eskimo,Male,<=50K,Divorced,Never-worked,None,Own-child,95976,HS-grad,0,0
9,Kids,India,Asia,12,0,Amer-Indian-Eskimo,Female,<=50K,Married-civ-spouse,Never-worked,None,Own-child,387092,11th,0,0
0,Kids,South,Asia,10,9,Amer-Indian-Eskimo,Female,<=50K,Married-civ-spouse,Never-worked,None,Own-child,66967,Doctorate,0,0
17,Kids,Ireland,Europe,4,9,Amer-Indian-Eskimo,Female,<=50K,Separated,Never-worked,None,Wife,154404,Masters,0,0
11,Kids,Germany,Europe,6,2,Amer-Indian-Eskimo,Female,<=50K,Never-married,Never-worked,None,Wife,431571,Masters,0,0
7,Kids,South,Asia,16,8,Amer-Indian-Eskimo,Male,<=50K,Divorced,Never-worked,None,Husband,407848,HS-grad,0,0
7,Kids,Haiti,CentralAmerica,3,7,Amer-Indian-Eskimo,Male,<=50K,Separated,Never-worked,None,Wife,46315,Masters,0,0
9,Kids,England,Europe,2,2,Amer-Indian-Eskimo,Female,<=50K,Married-civ-spouse,Never-worked,None,Unmarried,432023,Doctorate,0,0
15,Kids,United-States,NorthAmerica,10,3,Amer-Indian-Eskimo,Female,<=50K,Widowed,Never-worked,None,Unmarried,164532,11th,0,0
2,Kids,Peru,SouthAmerica,15,5,Amer-Indian-Eskimo,Female,<=50K,Separated,Never-worked,None,Own-child,238161,HS-grad,0,0
1,Kids,Haiti,CentralAmerica,2,10,Amer-Indian-Eskimo,Male,<=50K,Never-married,Never-worked,None,Husband,239376,HS-grad,0,0
12,Kids,Italy,Europe,5,6,Amer-Indian-Eskimo,Female,<=50K,Never-married,Never-worked,None,Wife,350619,Masters,0,0
9,Kids,South,Asia,2,0,Amer-Indian-Eskimo,Female,<=50K,Widowed,Never-worked,None,Wife,387761,Bachelors,0,0
10,Kids,Poland,Europe,15,10,Amer-Indian-Eskimo,Female,<=50K,Divorced,Never-worked,None,Wife,54436,Assoc-voc,0,0
9,Kids,Haiti,CentralAmerica,15,5,Amer-Indian-Eskimo,Female,<=50K,Divorced,Never-worked,None,Not-in-family,461613,Assoc-acdm,0,0
12,Kids,United-States,NorthAmerica,13,4,Amer-Indian-Eskimo,Female,<=50K,Never-married,Never-worked,None,Not-in-family,204664,Bachelors,0,0
3,Kids,Dominican-Republic,CentralAmerica,5,5,Amer-Indian-Eskimo,Male,<=50K,Separated,Never-worked,None,Not-in-family,12506,HS-grad,0,0
7,Kids,Columbia,SouthAmerica,10,1,Amer-Indian-Eskimo,Female,<=50K,Married-civ-spouse,Never-worked,None,Husband,154552,Doctorate,0,0
0,Kids,South,Asia,10,9,Amer-Indian-Eskimo,Male,<=50K,Never-married,Never-worked,None,Wife,435161,11th,0,0
12,Kids,El-Salvador,CentralAmerica,11,2,Amer-Indian-Eskimo,Male,<=50K,Widowed,Never-worked,None,Unmarried,107041,Bachelors,0,0
13,Kids,Canada,NorthAmerica,5,4,Amer-Indian-Eskimo,Female,<=50K,Separated,Never-worked,None,Other-relative,373853,HS-grad,0,0
12,Kids,Peru,SouthAmerica,5,6,Amer-Indian-Eskimo,Female,<=50K,Married-civ-spouse,Never-worked,None,Husband,472435,Some-college,0,0
3,Kids,El-Salvador,CentralAmerica,7,2,Amer-Indian-Eskimo,Male,<=50K,Never-married,Never-worked,None,Not-in-family,368034,HS-grad,0,0
5,Kids,Haiti,CentralAmerica,7,1,Amer-Indian-Eskimo,Female,<=50K,Never-married,Never-worked,None,Unmarried,467824,Assoc-voc,0,0
12,Kids,Ireland,Europe,13,9,Amer-Indian-Eskimo,Male,<=50K,Separated,Never-worked,None,Wife,314183,Bachelors,0,0
14,Kids,South,Asia,2,10,Amer-Indian-Eskimo,Female,<=50K,Divorced,Never-worked,None,Other-relative,161597,Assoc-acdm,0,0
17,Kids,El-Salvador,CentralAmerica,3,6,Amer-Indian-Eskimo,Female,<=50K,Separated,Never-worked,None,Unmarried,73561,Assoc-voc,0,0
10,Kids,Ireland,Europe,14,9,Amer-Indian-Eskimo,Male,<=50K,Never-married,Never-worked,None,Other-relative,269669,11th,0,0
12,Kids,Jamaica,CentralAmerica,16,1,Amer-Indian-Eskimo,Female,<=50K,Widowed,Never-worked,None,Other-relative,327306,Some-college,0,0
0,Kids,Mexico,NorthAmerica,2,6,Amer-Indian-Eskimo,Female,<=50K,Never-married,Never-worked,None,Unmarried,124452,Assoc-voc,0,0
16,Kids,United-States,NorthAmerica,7,10,Amer-Indian-Eskimo,Male,<=50K,Divorced,Never-worked,None,Not-in-family,60039,Assoc-acdm,0,0
16,Kids,Egypt,Africa,5,4,Amer-Indian-Eskimo,Male,<=50K,Divorced,Never-worked,None,Not-in-family,291893,Some-college,0,0
6,Kids,Italy,Europe,7,0,Amer-Indian-Eskimo,Male,<=50K,Never-married,Never-worked,None,Husband,114763,Assoc-acdm,0,0
0,Kids,Outlying-US(Guam-USVI-etc),NorthAmerica,7,7,Amer-Indian-Eskimo,Female,<=50K,Divorced,Never-worked,None,Husband,438429,Some-college,0,0
2,Kids,Columbia,SouthAmerica,6,4,Amer-Indian-Eskimo,Female,<=50K,Never-married,Never-worked,None,Own-child,55336,Assoc-voc,0,0
6,Kids,South,Asia,15,0,Amer-Indian-Eskimo,Female,<=50K,Never-married,Never-worked,None,Own-child,301183,Doctorate,0,0
10,Kids,South-Africa,Africa,4,9,Amer-Indian-Eskimo,Female,<=50K,Never-married,Never-worked,None,Unmarried,425609,11th,0,0
3,Kids,England,Europe,3,6,Amer-Indian-Eskimo,Female,<=50K,Married-civ-spouse,Never-worked,None,Own-child,182030,HS-grad,0,0
10,Kids,Portugal,Europe,3,7,Amer-Indian-Eskimo,Male,<=50K,Never-married,Never-worked,None,Own-child,144291,11th,0,0
15,Kids,Ecuador,SouthAmerica,4,3,Amer-Indian-Eskimo,Female,<=50K,Married-civ-spouse,Never-worked,None,Unmarried,373461,Masters,0,0
16,Kids,Honduras,CentralAmerica,11,9,Amer-Indian-Eskimo,Female,<=50K,Never-married,Never-worked,None,Other-relative,358124,Some-college,0,0
13,Kids,Cuba,CentralAmerica,10,0,Amer-Indian-Eskimo,Female,<=50K,Divorced,Never-worked,None,Unmarried,27132,Assoc-acdm,0,0
10,Kids,China,Asia,7,2,Amer-Indian-Eskimo,Female,<=50K,Separated,Never-worked,None,Unmarried,463611,11th,0,0
12,Kids,El-Salvador,CentralAmerica,13,1,Amer-Indian-Eskimo,Female,<=50K,Separated,Never-worked,None,Unmarried,26540,Bachelors,0,0
11,Kids,Greece,Europe,3,1,Amer-Indian-Eskimo,Male,<=50K,Divorced,Never-worked,None,Own-child,222655,Doctorate,0,0
13,Kids,Portugal,Europe,10,6,Amer-Indian-Eskimo,Female,<=50K,Separated,Never-worked,None,Husband,97143,Masters,0,0
12,Kids,Portugal,Europe,12,10,Amer-Indian-Eskimo,Female,<=50K,Divorced,Never-worked,None,Husband,261836,Assoc-voc,0,0
13,Kids,India,Asia,5,5,Amer-Indian-Eskimo,Female,<=50K,Married-civ-spouse,Never-worked,None,Unmarried,114152,Assoc-voc,0,0
4,Kids,Trinadad&Tobago,CentralAmerica,3,4,Amer-Indian-Eskimo,Female,<=50K,Separated,Never-worked,None,Wife,406081,11th,0,0
13,Kids,Ireland,Europe,11,2,Amer-Indian-Eskimo,Male,<=50K,Married-civ-spouse,Never-worked,None,Wife,51243,Assoc-voc,0,0
15,Kids,Japan,Asia,11,2,Amer-Indian-Eskimo,Female,<=50K,Divorced,Never-worked,None,Unmarried,421309,Bachelors,0,0
14,Kids,Egypt,Africa,6,4,Amer-Indian-Eskimo,Male,<=50K,Married-civ-spouse,Never-worked,None,Husband,416945,HS-grad,0,0
9,Kids,China,Asia,4,10,Amer-Indian-Eskimo,Male,<=50K,Married-civ-spouse,Never-worked,None,Not-in-family,257042,Assoc-acdm,0,0
9,Kids,Portugal,Europe,6,4,Amer-Indian-Eskimo,Female,<=50K,Widowed,Never-worked,None,Own-child,166952,11th,0,0
5,Kids,Dominican-Republic,CentralAmerica,10,8,Amer-Indian-Eskimo,Female,<=50K,Divorced,Never-worked,None,Other-relative,201563,Doctorate,0,0
14,Kids,Philippines,Asia,1,7,Amer-Indian-Eskimo,Male,<=50K,Separated,Never-worked,None,Unmarried,225320,Some-college,0,0
15,Kids,Greece,Europe,13,4,Amer-Indian-Eskimo,Male,<=50K,Divorced,Never-worked,None,Own-child,372742,Assoc-voc,0,0
7,Kids,Germany,Europe,15,0,Amer-Indian-Eskimo,Female,<=50K,Widowed,Never-worked,None,Unmarried,421016,Doctorate,0,0
10,Kids,England,Europe,4,3,Amer-Indian-Eskimo,Male,<=50K,Married-civ-spouse,Never-worked,None,Unmarried,469412,11th,0,0
14,Kids,France,Europe,4,6,Amer-Indian-Eskimo,Female,<=50K,Separated,Never-worked,None,Husband,201326,Assoc-acdm,0,0
16,Kids,Cuba,CentralAmerica,11,9,Amer-Indian-Eskimo,Male,<=50K,Never-married,Never-worked,None,Husband,430484,Some-college,0,0
3,Kids,Dominican-Republic,CentralAmerica,2,7,Amer-Indian-Eskimo,Female,<=50K,Divorced,Never-worked,None,Other-relative,143491,HS-grad,0,0
12,Kids,Italy,Europe,1,8,Amer-Indian-Eskimo,Female,<=50K,Widowed,Never-worked,None,Other-relative,63149,Assoc-acdm,0,0
2,Kids,France,Europe,15,1,Amer-Indian-Eskimo,Female,<=50K,Separated,Never-worked,None,Other-relative,226775,Bachelors,0,0
1,Kids,England,Europe,3,0,Amer-Indian-Eskimo,Male,<=50K,Separated,Never-worked,None,Husband,460043,HS-grad,0,0
0,Kids,Puerto-Rico,CentralAmerica,1,2,Amer-Indian-Eskimo,Male,<=50K,Separated,Never-worked,None,Husband,355090,Assoc-acdm,0,0
9,Kids,Columbia,SouthAmerica,12,4,Amer-Indian-Eskimo,Female,<=50K,Separated,Never-worked,None,Other-relative,230526,Assoc-voc,0,0
14,Kids,Vietnam,Asia,4,6,Amer-Indian-Eskimo,Male,<=50K,Widowed,Never-worked,None,Wife,186921,HS-grad,0,0
5,Kids,United-States,NorthAmerica,15,5,Amer-Indian-Eskimo,Male,<=50K,Widowed,Never-worked,None,Not-in-family,118549,Assoc-acdm,0,0
0,Kids,Greece,Europe,6,5,Amer-Indian-Eskimo,Male,<=50K,Married-civ-spouse,Never-worked,None,Husband,230729,Assoc-acdm,0,0
5,Kids,Germany,Europe,1,9,Amer-Indian-Eskimo,Female,<=50K,Never-married,Never-worked,None,Not-in-family,376112,Assoc-acdm,0,0
13,Kids,Peru,SouthAmerica,10,7,Amer-Indian-Eskimo,Female,<=50K,Divorced,Never-worked,None,Other-relative,366653,Assoc-voc,0,0
4,Kids,Italy,Europe,10,2,Amer-Indian-Eskimo,Female,<=50K,Married-civ-spouse,Never-worked,None,Own-child,189947,Assoc-acdm,0,0
0,Kids,South,Asia,9,0,Amer-Indian-Eskimo,Female,<=50K,Married-civ-spouse,Never-worked,None,Husband,249085,Assoc-voc,0,0
15,Kids,Italy,Europe,2,0,Amer-Indian-Eskimo,Female,<=50K,Married-civ-spouse,Never-worked,None,Other-relative,376596,Some-college,0,0
5,Kids,Dominican-Republic,CentralAmerica,13,1,Amer-Indian-Eskimo,Male,<=50K,Widowed,Never-worked,None,Other-relative,378463,Doctorate,0,0
7,Kids,India,Asia,13,1,Amer-Indian-Eskimo,Female,<=50K,Never-married,Never-worked,None,Husband,383757,Masters,0,0
12,Kids,Trinadad&Tobago,CentralAmerica,13,7,Amer-Indian-Eskimo,Male,<=50K,Married-civ-spouse,Never-worked,None,Husband,392267,11th,0,0
14,Kids,Outlying-US(Guam-USVI-etc),NorthAmerica,5,7,Amer-Indian-Eskimo,Female,<=50K,Never-married,Never-worked,None,Own-child,61169,Assoc-voc,0,0
4,Kids,Dominican-Republic,CentralAmerica,11,4,Amer-Indian-Eskimo,Male,<=50K,Separated,Never-worked,None,Not-in-family,188574,Masters,0,0
11,Kids,United-States,NorthAmerica,12,6,Amer-Indian-Eskimo,Female,<=50K,Separated,Never-worked,None,Husband,28945,Bachelors,0,0
10,Kids,Egypt,Africa,14,6,Amer-Indian-Eskimo,Female,<=50K,Married-civ-spouse,Never-worked,None,Unmarried,416653,Masters,0,0
7,Kids,Honduras,CentralAmerica,13,9,Amer-Indian-Eskimo,Male,<=50K,Married-civ-spouse,Never-worked,None,Unmarried,391955,Some-college,0,0
1,Kids,Dominican-Republic,CentralAmerica,13,3,Amer-Indian-Eskimo,Male,<=50K,Never-married,Never-worked,None,Wife,84312,Doctorate,0,0
17,Kids,Germany,Europe,7,1,Amer-Indian-Eskimo,Male,<=50K,Married-civ-spouse,Never-worked,None,Other-relative,338404,Bachelors,0,0
12,Kids,Honduras,CentralAmerica,3,1,Amer-Indian-Eskimo,Male,<=50K,Widowed,Never-worked,None,Other-relative,85088,HS-grad,0,0
10,Kids,Outlying-US(Guam-USVI-etc),NorthAmerica,8,5,Amer-Indian-Eskimo,Male,<=50K,Married-civ-spouse,Never-worked,None,Not-in-family,473828,11th,0,0
7,Kids,Columbia,SouthAmerica,8,2,Amer-Indian-Eskimo,Female,<=50K,Widowed,Never-worked,None,Not-in-family,43403,11th,0,0
17,Kids,Puerto-Rico,CentralAmerica,13,8,Amer-Indian-Eskimo,Female,<=50K,Divorced,Never-worked,None,Other-relative,163886,Assoc-voc,0,0
11,Kids,Jamaica,CentralAmerica,1,6,Amer-Indian-Eskimo,Female,<=50K,Divorced,Never-worked,None,Own-child,415914,HS-grad,0,0
11,Kids,Canada,NorthAmerica,16,8,Amer-Indian-Eskimo,Male,<=50K,Divorced,Never-worked,None,Not-in-family,163911,Some-college,0,0
16,Kids,South-Africa,Africa,16,9,Amer-Indian-Eskimo,Female,<=50K,Separated,Never-worked,None,Unmarried,364798,Bachelors,0,0
3,Kids,Egypt,Africa,2,2,Amer-Indian-Eskimo,Male,<=50K,Divorced,Never-worked,None,Not-in-family,223117,Assoc-voc,0,0
7,Kids,Egypt,Africa,5,10,Amer-Indian-Eskimo,Female,<=50K,Married-civ-spouse,Never-worked,None,Wife,272468,Masters,0,0
11,Kids,India,Asia,12,10,Amer-Indian-Eskimo,Male,<=50K,Separated,Never-worked,None,Own-child,35245,Masters,0,0
6,Kids,Puerto-Rico,CentralAmerica,5,4,Amer-Indian-Eskimo,Male,<=50K,Never-married,Never-worked,None,Own-child,134114,Some-college,0,0
9,Kids,Haiti,CentralAmerica,12,4,Amer-Indian-Eskimo,Female,<=50K,Married-civ-spouse,Never-worked,None,Wife,46235,Assoc-acdm,0,0
14,Kids,Italy,Europe,1,10,Amer-Indian-Eskimo,Male,<=50K,Separated,Never-worked,None,Own-child,250365,Assoc-acdm,0,0
15,Kids,Ireland,Europe,5,9,Amer-Indian-Eskimo,Female,<=50K,Married-civ-spouse,Never-worked,None,Wife,291769,Some-college,0,0
2,Kids,El-Salvador,CentralAmerica,4,4,Amer-Indian-Eskimo,Male,<=50K,Widowed,Never-worked,None,Other-relative,403893,HS-grad,0,0
9,Kids,Haiti,CentralAmerica,8,2,Amer-Indian-Eskimo,Female,<=50K,Widowed,Never-worked,None,Husband,92935,Masters,0,0
0,Kids,Jamaica,CentralAmerica,3,6,Amer-Indian-Eskimo,Male,<=50K,Widowed,Never-worked,None,Own-child,53728,Some-college,0,0
8,Kids,Canada,NorthAmerica,7,9,Amer-Indian-Eskimo,Female,<=50K,Married-civ-spouse,Never-worked,None,Other-relative,116379,Assoc-acdm,0,0
13,Kids,China,Asia,10,10,Amer-Indian-Eskimo,Male,<=50K,Never-married,Never-worked,None,Wife,314277,Some-college,0,0
0,Kids,Puerto-Rico,CentralAmerica,16,2,Amer-Indian-Eskimo,Female,<=50K,Separated,Never-worked,None,Husband,291844,HS-grad,0,0
12,Kids,Canada,NorthAmerica,1,8,Amer-Indian-Eskimo,Female,<=50K,Married-civ-spouse,Never-worked,None,Wife,182832,Masters,0,0
12,Kids,Outlying-US(Guam-USVI-etc),NorthAmerica,10,8,Amer-Indian-Eskimo,Female,<=50K,Separated,Never-worked,None,Not-in-family,477373,Doctorate,0,0
7,Kids,Trinadad&Tobago,CentralAmerica,8,2,Amer-Indian-Eskimo,Male,<=50K,Never-married,Never-worked,None,Unmarried,239484,HS-grad,0,0
1,Kids,India,Asia,1,1,Amer-Indian-Eskimo,Male,<=50K,Widowed,Never-worked,None,Unmarried,482293,11th,0,0
12,Kids,Canada,NorthAmerica,1,3,Amer-Indian-Eskimo,Male,<=50K,Never-married,Never-worked,None,Unmarried,457062,HS-grad,0,0
9,Kids,Dominican-Republic,CentralAmerica,14,2,Amer-Indian-Eskimo,Female,<=50K,Widowed,Never-worked,None,Own-child,59028,Masters,0,0
2,Kids,Outlying-US(Guam-USVI-etc),NorthAmerica,1,6,Amer-Indian-Eskimo,Female,<=50K,Separated,Never-worked,None,Unmarried,64717,Assoc-voc,0,0
7,Kids,South,Asia,12,6,Amer-Indian-Eskimo,Male,<=50K,Never-married,Never-worked,None,Wife,84534,HS-grad,0,0
8,Kids,Ecuador,SouthAmerica,4,8,Amer-Indian-Eskimo,Female,<=50K,Divorced,Never-worked,None,Wife,28714,HS-grad,0,0
12,Kids,England,Europe,2,8,Amer-Indian-Eskimo,Female,<=50K,Separated,Never-worked,None,Own-child,321843,Doctorate,0,0
3,Kids,Trinadad&Tobago,CentralAmerica,2,9,Amer-Indian-Eskimo,Female,<=50K,Never-married,Never-worked,None,Husband,485342,Some-college,0,0
4,Kids,Germany,Europe,2,1,Amer-Indian-Eskimo,Male,<=50K,Never-married,Never-worked,None,Own-child,96824,Masters,0,0
16,Kids,El-Salvador,CentralAmerica,16,4,Amer-Indian-Eskimo,Female,<=50K,Never-married,Never-worked,None,Husband,32782,Assoc-voc,0,0
9,Kids,Philippines,Asia,5,10,Amer-Indian-Eskimo,Female,<=50K,Widowed,Never-worked,None,Own-child,243210,Some-college,0,0
12,Kids,Columbia,SouthAmerica,11,7,Amer-Indian-Eskimo,Female,<=50K,Never-married,Never-worked,None,Not-in-family,220446,Masters,0,0
17,Kids,South,Asia,6,4,Amer-Indian-Eskimo,Male,<=50K,Married-civ-spouse,Never-worked,None,Wife,236268,Doctorate,0,0
14,Kids,Outlying-US(Guam-USVI-etc),NorthAmerica,11,5,Amer-Indian-Eskimo,Male,<=50K,Separated,Never-worked,None,Husband,299308,Assoc-voc,0,0
13,Kids,Jamaica,CentralAmerica,6,7,Amer-Indian-Eskimo,Male,<=50K,Separated,Never-worked,None,Unmarried,461883,Doctorate,0,0
10,Kids,Columbia,SouthAmerica,5,6,Amer-Indian-Eskimo,Male,<=50K,Widowed,Never-worked,None,Husband,498473,11th,0,0
0,Kids,Haiti,CentralAmerica,16,4,Amer-Indian-Eskimo,Male,<=50K,Never-married,Never-worked,None,Not-in-family,122327,HS-grad,0,0
5,Kids,Greece,Europe,13,9,Amer-Indian-Eskimo,Male,<=50K,Separated,Never-worked,None,Other-relative,179738,11th,0,0
11,Kids,Ireland,Europe,4,10,Amer-Indian-Eskimo,Female,<=50K,Never-married,Never-worked,None,Husband,24291,HS-grad,0,0
7,Kids,Columbia,SouthAmerica,11,10,Amer-Indian-Eskimo,Female,<=50K,Married-civ-spouse,Never-worked,None,Other-relative,56090,Assoc-voc,0,0
10,Kids,China,Asia,1,3,Amer-Indian-Eskimo,Male,<=50K,Married-civ-spouse,Never-worked,None,Husband,436575,Some-college,0,0
3,Kids,El-Salvador,CentralAmerica,3,6,Amer-Indian-Eskimo,Male,<=50K,Married-civ-spouse,Never-worked,None,Husband,497374,Bachelors,0,0
5,Kids,South-Africa,Africa,2,7,Amer-Indian-Eskimo,Female,<=50K,Widowed,Never-worked,None,Other-relative,366812,HS-grad,0,0
12,Kids,Vietnam,Asia,13,9,Amer-Indian-Eskimo,Female,<=50K,Separated,Never-worked,None,Not-in-family,91612,Assoc-voc,0,0
4,Kids,South,Asia,6,7,Amer-Indian-Eskimo,Male,<=50K,Never-married,Never-worked,None,Wife,96882,Assoc-acdm,0,0
6,Kids,Haiti,CentralAmerica,13,8,Amer-Indian-Eskimo,Male,<=50K,Divorced,Never-worked,None,Husband,89445,Assoc-voc,0,0
2,Kids,Mexico,NorthAmerica,12,6,Amer-Indian-Eskimo,Male,<=50K,Never-married,Never-worked,None,Not-in-family,37086,Assoc-voc,0,0
10,Kids,United-States,NorthAmerica,1,7,Amer-Indian-Eskimo,Male,<=50K,Married-civ-spouse,Never-worked,None,Own-child,345371,HS-grad,0,0
3,Kids,Outlying-US(Guam-USVI-etc),NorthAmerica,11,3,Amer-Indian-Eskimo,Male,<=50K,Separated,Never-worked,None,Wife,305791,Some-college,0,0
16,Kids,France,Europe,7,1,Amer-Indian-Eskimo,Female,<=50K,Married-civ-spouse,Never-worked,None,Husband,250729,Assoc-voc,0,0
3,Kids,Portugal,Europe,12,5,Amer-Indian-Eskimo,Female,<=50K,Never-married,Never-worked,None,Husband,479260,Some-college,0,0
7,Kids,Poland,Europe,10,3,Amer-Indian-Eskimo,Female,<=50K,Widowed,Never-worked,None,Other-relative,129921,Assoc-voc,0,0
1,Kids,Italy,Europe,9,7,Amer-Indian-Eskimo,Female,<=50K,Married-civ-spouse,Never-worked,None,Husband,432167,Masters,0,0
11,Kids,Ecuador,SouthAmerica,8,4,Amer-Indian-Eskimo,Male,<=50K,Never-married,Never-worked,None,Own-child,142244,Assoc-acdm,0,0
6,Kids,Dominican-Republic,CentralAmerica,13,9,Amer-Indian-Eskimo,Male,<=50K,Widowed,Never-worked,None,Unmarried,167327,Some-college,0,0
13,Kids,Outlying-US(Guam-USVI-etc),NorthAmerica,11,9,Amer-Indian-Eskimo,Female,<=50K,Widowed,Never-worked,None,Own-child,106835,Bachelors,0,0
8,Kids,Ireland,Europe,4,1,Amer-Indian-Eskimo,Female,<=50K,Married-civ-spouse,Never-worked,None,Wife,258528,Doctorate,0,0
1,Kids,Dominican-Republic,CentralAmerica,4,9,Amer-Indian-Eskimo,Male,<=50K,Divorced,Never-worked,None,Unmarried,323235,Bachelors,0,0
7,Kids,United-States,NorthAmerica,2,4,Amer-Indian-Eskimo,Male,<=50K,Widowed,Never-worked,None,Husband,441771,HS-grad,0,0
0,Kids,Columbia,SouthAmerica,2,4,Amer-Indian-Eskimo,Female,<=50K,Divorced,Never-worked,None,Own-child,357673,Some-college,0,0
16,Kids,Germany,Europe,14,5,Amer-Indian-Eskimo,Female,<=50K,Divorced,Never-worked,None,Wife,217416,Bachelors,0,0
2,Kids,France,Europe,9,2,Amer-Indian-Eskimo,Female,<=50K,Never-married,Never-worked,None,Own-child,181866,Assoc-acdm,0,0
1,Kids,Germany,Europe,10,0,Amer-Indian-Eskimo,Male,<=50K,Married-civ-spouse,Never-worked,None,Other-relative,342304,Assoc-acdm,0,0
16,Kids,Germany,Europe,13,0,Amer-Indian-Eskimo,Female,<=50K,Separated,Never-worked,None,Husband,443937,Some-college,0,0
7,Kids,United-States,NorthAmerica,9,8,Amer-Indian-Eskimo,Female,<=50K,Never-married,Never-worked,None,Wife,362969,Assoc-voc,0,0
6,Kids,Peru,SouthAmerica,13,8,Amer-Indian-Eskimo,Female,<=50K,Married-civ-spouse,Never-worked,None,Other-relative,446931,Assoc-acdm,0,0
2,Kids,China,Asia,5,1,Amer-Indian-Eskimo,Female,<=50K,Married-civ-spouse,Never-worked,None,Husband,77547,Assoc-voc,0,0
4,Kids,Greece,Europe,16,5,Amer-Indian-Eskimo,Male,<=50K,Never-married,Never-worked,None,Unmarried,201357,Assoc-acdm,0,0
0,Kids,Cuba,CentralAmerica,2,4,Amer-Indian-Eskimo,Female,<=50K,Separated,Never-worked,None,Other-relative,185392,Assoc-acdm,0,0
14,Kids,Mexico,NorthAmerica,1,7,Amer-Indian-Eskimo,Male,<=50K,Separated,Never-worked,None,Unmarried,103517,Bachelors,0,0
13,Kids,Trinadad&Tobago,CentralAmerica,14,0,Amer-Indian-Eskimo,Male,<=50K,Married-civ-spouse,Never-worked,None,Husband,42950,11th,0,0
5,Kids,Haiti,CentralAmerica,13,9,Amer-Indian-Eskimo,Male,<=50K,Never-married,Never-worked,None,Unmarried,257399,Assoc-acdm,0,0
10,Kids,Germany,Europe,16,4,Amer-Indian-Eskimo,Female,<=50K,Separated,Never-worked,None,Other-relative,338703,Bachelors,0,0
3,Kids,Portugal,Europe,13,8,Amer-Indian-Eskimo,Female,<=50K,Separated,Never-worked,None,Husband,308338,Some-college,0,0
2,Kids,El-Salvador,CentralAmerica,14,9,Amer-Indian-Eskimo,Male,<=50K,Divorced,Never-worked,None,Own-child,423903,Masters,0,0
9,Kids,Peru,SouthAmerica,3,2,Amer-Indian-Eskimo,Male,<=50K,Never-married,Never-worked,None,Unmarried,331569,Masters,0,0
11,Kids,Poland,Europe,10,8,Amer-Indian-Eskimo,Female,<=50K,Divorced,Never-worked,None,Not-in-family,186968,Doctorate,0,0
7,Kids,Vietnam,Asia,14,6,Amer-Indian-Eskimo,Female,<=50K,Widowed,Never-worked,None,Unmarried,196991,Assoc-voc,0,0
13,Kids,China,Asia,15,3,Amer-Indian-Eskimo,Female,<=50K,Never-married,Never-worked,None,Not-in-family,183494,Assoc-acdm,0,0
8,Kids,Egypt,Africa,13,10,Amer-Indian-Eskimo,Male,<=50K,Separated,Never-worked,None,Not-in-family,359123,Doctorate,0,0
14,Kids,Haiti,CentralAmerica,5,8,Amer-Indian-Eskimo,Male,<=50K,Married-civ-spouse,Never-worked,None,Own-child,46519,Bachelors,0,0
0,Kids,Italy,Europe,3,4,Amer-Indian-Eskimo,Male,<=50K,Widowed,Never-worked,None,Other-relative,111728,Masters,0,0
11,Kids,Vietnam,Asia,7,0,Amer-Indian-Eskimo,Female,<=50K,Never-married,Never-worked,None,Wife,260986,Some-college,0,0
8,Kids,Poland,Europe,4,8,Amer-Indian-Eskimo,Male,<=50K,Married-civ-spouse,Never-worked,None,Own-child,301277,Assoc-voc,0,0
10,Kids,Honduras,CentralAmerica,15,4,Amer-Indian-Eskimo,Female,<=50K,Never-married,Never-worked,None,Unmarried,214841,Masters,0,0
9,Kids,Portugal,Europe,12,4,Amer-Indian-Eskimo,Female,<=50K,Separated,Never-worked,None,Unmarried,313743,Some-college,0,0
13,Kids,Dominican-Republic,CentralAmerica,12,10,Amer-Indian-Eskimo,Male,<=50K,Separated,Never-worked,None,Own-child,156138,Bachelors,0,0
17,Kids,Portugal,Europe,15,2,Amer-Indian-Eskimo,Male,<=50K,Never-married,Never-worked,None,Other-relative,437025,Bachelors,0,0
17,Kids,Dominican-Republic,CentralAmerica,12,9,Amer-Indian-Eskimo,Male,<=50K,Divorced,Never-worked,None,Wife,52311,Doctorate,0,0
17,Kids,El-Salvador,CentralAmerica,2,5,Amer-Indian-Eskimo,Female,<=50K,Separated,Never-worked,None,Not-in-family,233944,11th,0,0
6,Kids,Italy,Europe,5,4,Amer-Indian-Eskimo,Female,<=50K,Separated,Never-worked,None,Unmarried,449496,Bachelors,0,0
1,Kids,Philippines,Asia,5,0,Amer-Indian-Eskimo,Male,<=50K,Never-married,Never-worked,None,Other-relative,38995,Masters,0,0
5,Kids,South-Africa,Africa,15,7,Amer-Indian-Eskimo,Male,<=50K,Divorced,Never-worked,None,Husband,99267,HS-grad,0,0
4,Kids,Greece,Europe,9,9,Amer-Indian-Eskimo,Male,<=50K,Widowed,Never-worked,None,Not-in-family,385724,HS-grad,0,0
1,Kids,India,Asia,7,9,Amer-Indian-Eskimo,Male,<=50K,Widowed,Never-worked,None,Own-child,418031,HS-grad,0,0
6,Kids,Trinadad&Tobago,CentralAmerica,3,4,Amer-Indian-Eskimo,Male,<=50K,Separated,Never-worked,None,Not-in-family,61662,Bachelors,0,0
10,Kids,Ecuador,SouthAmerica,15,3,Amer-Indian-Eskimo,Female,<=50K,Divorced,Never-worked,None,Unmarried,489992,Bachelors,0,0
6,Kids,Egypt,Africa,4,4,Other,Female,<=50K,Married-civ-spouse,Never-worked,None,Husband,59333,Some-college,0,0
8,Kids,Columbia,SouthAmerica,9,4,Other,Female,<=50K,Divorced,Never-worked,None,Not-in-family,238333,Assoc-voc,0,0
17,Kids,Jamaica,CentralAmerica,12,0,Other,Male,<=50K,Divorced,Never-worked,None,Other-relative,43907,11th,0,0
5,Kids,Honduras,CentralAmerica,16,1,Other,Male,<=50K,Married-civ-spouse,Never-worked,None,Husband,364849,Bachelors,0,0
8,Kids,Mexico,NorthAmerica,3,7,Other,Female,<=50K,Divorced,Never-worked,None,Unmarried,167027,Assoc-acdm,0,0
12,Kids,South,Asia,10,2,Other,Female,<=50K,Separated,Never-worked,None,Unmarried,177703,Assoc-voc,0,0
12,Kids,Mexico,NorthAmerica,8,9,Other,Female,<=50K,Never-married,Never-worked,None,Other-relative,361167,Doctorate,0,0
13,Kids,United-States,NorthAmerica,8,0,Other,Female,<=50K,Divorced,Never-worked,None,Not-in-family,440443,Assoc-acdm,0,0
17,Kids,Haiti,CentralAmerica,11,10,Other,Male,<=50K,Widowed,Never-worked,None,Not-in-family,324929,Masters,0,0
13,Kids,Vietnam,Asia,3,2,Other,Male,<=50K,Divorced,Never-worked,None,Other-relative,438630,HS-grad,0,0
12,Kids,Ecuador,SouthAmerica,12,8,Other,Male,<=50K,Separated,Never-worked,None,Not-in-family,356012,HS-grad,0,0
7,Kids,El-Salvador,CentralAmerica,2,2,Other,Female,<=50K,Widowed,Never-worked,None,Unmarried,439436,Doctorate,0,0
8,Kids,Japan,Asia,13,6,Other,Male,<=50K,Married-civ-spouse,Never-worked,None,Other-relative,417840,Doctorate,0,0
2,Kids,Haiti,CentralAmerica,7,3,Other,Male,<=50K,Divorced,Never-worked,None,Other-relative,384542,Masters,0,0
4,Kids,Germany,Europe,10,3,Other,Female,<=50K,Widowed,Never-worked,None,Husband,247411,Bachelors,0,0
9,Kids,Ecuador,SouthAmerica,12,8,Other,Male,<=50K,Married-civ-spouse,Never-worked,None,Husband,159068,Doctorate,0,0
0,Kids,England,Europe,5,7,Other,Female,<=50K,Divorced,Never-worked,None,Wife,132079,Assoc-voc,0,0
13,Kids,South,Asia,15,10,Other,Female,<=50K,Divorced,Never-worked,None,Husband,298712,Masters,0,0
14,Kids,Cuba,CentralAmerica,11,6,Other,Male,<=50K,Married-civ-spouse,Never-worked,None,Unmarried,92049,Assoc-voc,0,0
10,Kids,Italy,Europe,15,8,Other,Male,<=50K,Widowed,Never-worked,None,Husband,448599,Some-college,0,0
0,Kids,Germany,Europe,11,4,Other,Female,<=50K,Never-married,Never-worked,None,Unmarried,162497,Some-college,0,0
5,Kids,Cuba,CentralAmerica,16,7,Other,Female,<=50K,Married-civ-spouse,Never-worked,None,Husband,427365,Assoc-acdm,0,0
16,Kids,El-Salvador,CentralAmerica,14,9,Other,Female,<=50K,Never-married,Never-worked,None,Wife,299616,Bachelors,0,0
16,Kids,India,Asia,6,0,Other,Male,<=50K,Divorced,Never-worked,None,Unmarried,399926,Some-college,0,0
7,Kids,Mexico,NorthAmerica,7,7,Other,Female,<=50K,Married-civ-spouse,Never-worked,None,Unmarried,124442,Doctorate,0,0
8,Kids,Egypt,Africa,1,5,Other,Male,<=50K,Divorced,Never-worked,None,Wife,197692,Doctorate,0,0
2,Kids,Columbia,SouthAmerica,1,8,Other,Female,<=50K,Never-married,Never-worked,None,Wife,56158,Some-college,0,0
9,Kids,Ireland,Europe,8,2,Other,Male,<=50K,Divorced,Never-worked,None,Other-relative,77698,Masters,0,0
3,Kids,El-Salvador,CentralAmerica,2,4,Other,Male,<=50K,Never-married,Never-worked,None,Wife,385810,Some-college,0,0
7,Kids,Outlying-US(Guam-USVI-etc),NorthAmerica,4,4,Other,Male,<=50K,Separated,Never-worked,None,Husband,467003,Assoc-acdm,0,0
3,Kids,South-Africa,Africa,7,5,Other,Male,<=50K,Separated,Never-worked,None,Own-child,259707,Doctorate,0,0
2,Kids,Cuba,CentralAmerica,2,8,Other,Male,<=50K,Never-married,Never-worked,None,Not-in-family,127619,Doctorate,0,0
16,Kids,China,Asia,6,10,Other,Male,<=50K,Never-married,Never-worked,None,Own-child,157389,HS-grad,0,0
4,Kids,El-Salvador,CentralAmerica,6,2,Other,Female,<=50K,Never-married,Never-worked,None,Other-relative,360701,HS-grad,0,0
8,Kids,Greece,Europe,9,5,Other,Male,<=50K,Married-civ-spouse,Never-worked,None,Not-in-family,451629,Doctorate,0,0
3,Kids,Italy,Europe,6,2,Other,Female,<=50K,Never-married,Never-worked,None,Husband,246944,Doctorate,0,0
15,Kids,Jamaica,CentralAmerica,9,0,Other,Female,<=50K,Divorced,Never-worked,None,Unmarried,234701,Doctorate,0,0
15,Kids,Ireland,Europe,14,9,Other,Male,<=50K,Married-civ-spouse,Never-worked,None,Wife,476729,Bachelors,0,0
3,Kids,France,Europe,15,6,Other,Female,<=50K,Divorced,Never-worked,None,Other-relative,164587,11th,0,0
2,Kids,Jamaica,CentralAmerica,6,9,Other,Female,<=50K,Divorced,Never-worked,None,Wife,139108,Assoc-acdm,0,0
12,Kids,Outlying-US(Guam-USVI-etc),NorthAmerica,12,7,Other,Male,<=50K,Never-married,Never-worked,None,Own-child,15321,Some-college,0,0
10,Kids,Haiti,CentralAmerica,9,4,Other,Male,<=50K,Separated,Never-worked,None,Not-in-family,188583,Assoc-voc,0,0
1,Kids,Mexico,NorthAmerica,11,8,Other,Male,<=50K,Widowed,Never-worked,None,Wife,166861,Masters,0,0
1,Kids,India,Asia,6,8,Other,Male,<=50K,Never-married,Never-worked,None,Wife,451505,Assoc-acdm,0,0
16,Kids,Egypt,Africa,11,1,Other,Male,<=50K,Divorced,Never-worked,None,Own-child,348004,Assoc-acdm,0,0
10,Kids,Honduras,CentralAmerica,14,10,Other,Male,<=50K,Never-married,Never-worked,None,Unmarried,271307,Assoc-voc,0,0
2,Kids,Vietnam,Asia,4,7,Other,Male,<=50K,Divorced,Never-worked,None,Other-relative,230588,Some-college,0,0
4,Kids,India,Asia,5,9,Other,Male,<=50K,Divorced,Never-worked,None,Unmarried,271696,Assoc-voc,0,0
0,Kids,Vietnam,Asia,6,6,Other,Male,<=50K,Married-civ-spouse,Never-worked,None,Not-in-family,136225,11th,0,0
3,Kids,Canada,NorthAmerica,10,1,Other,Female,<=50K,Widowed,Never-worked,None,Not-in-family,17731,Assoc-voc,0,0
9,Kids,Italy,Europe,15,4,Other,Male,<=50K,Widowed,Never-worked,None,Other-relative,465396,Masters,0,0
9,Kids,Columbia,SouthAmerica,3,3,Other,Male,<=50K,Divorced,Never-worked,None,Own-child,468975,11th,0,0
10,Kids,Ecuador,SouthAmerica,10,3,Other,Female,<=50K,Separated,Never-worked,None,Own-child,11886,Assoc-voc,0,0
10,Kids,Ireland,Europe,2,10,Other,Male,<=50K,Widowed,Never-worked,None,Other-relative,12512,Masters,0,0
10,Kids,Outlying-US(Guam-USVI-etc),NorthAmerica,4,7,Other,Female,<=50K,Never-married,Never-worked,None,Husband,143204,Assoc-acdm,0,0
1,Kids,Egypt,Africa,10,1,Other,Male,<=50K,Married-civ-spouse,Never-worked,None,Husband,428378,HS-grad,0,0
0,Kids,United-States,NorthAmerica,16,5,Other,Female,<=50K,Divorced,Never-worked,None,Own-child,225885,Some-college,0,0
7,Kids,Ireland,Europe,16,5,Other,Female,<=50K,Divorced,Never-worked,None,Not-in-family,328701,11th,0,0
12,Kids,Canada,NorthAmerica,12,5,Other,Male,<=50K,Separated,Never-worked,None,Unmarried,160853,HS-grad,0,0
2,Kids,Germany,Europe,2,2,Other,Male,<=50K,Never-married,Never-worked,None,Own-child,40450,Assoc-acdm,0,0
0,Kids,Jamaica,CentralAmerica,9,1,Other,Female,<=50K,Separated,Never-worked,None,Other-relative,143605,Doctorate,0,0
7,Kids,Haiti,CentralAmerica,10,2,Other,Female,<=50K,Married-civ-spouse,Never-worked,None,Not-in-family,155319,Bachelors,0,0
1,Kids,Germany,Europe,16,7,Other,Male,<=50K,Separated,Never-worked,None,Unmarried,414457,Assoc-voc,0,0
11,Kids,Vietnam,Asia,4,7,Other,Female,<=50K,Separated,Never-worked,None,Other-relative,270286,Bachelors,0,0
1,Kids,Italy,Europe,11,1,Other,Female,<=50K,Divorced,Never-worked,None,Not-in-family,62201,Masters,0,0
4,Kids,Puerto-Rico,CentralAmerica,7,9,Other,Female,<=50K,Married-civ-spouse,Never-worked,None,Not-in-family,301288,Some-college,0,0
1,Kids,Peru,SouthAmerica,5,5,Other,Male,<=50K,Separated,Never-worked,None,Not-in-family,412127,11th,0,0
4,Kids,Puerto-Rico,CentralAmerica,12,5,Other,Female,<=50K,Divorced,Never-worked,None,Own-child,256945,Assoc-voc,0,0
6,Kids,Peru,SouthAmerica,9,1,Other,Male,<=50K,Widowed,Never-worked,None,Not-in-family,443614,Assoc-acdm,0,0
3,Kids,Mexico,NorthAmerica,13,3,Other,Female,<=50K,Divorced,Never-worked,None,Own-child,160988,11th,0,0
8,Kids,Vietnam,Asia,15,9,Other,Male,<=50K,Widowed,Never-worked,None,Wife,442686,11th,0,0
10,Kids,Dominican-Republic,CentralAmerica,9,4,Other,Male,<=50K,Separated,Never-worked,None,Wife,150142,Bachelors,0,0
10,Kids,Vietnam,Asia,2,0,Other,Male,<=50K,Separated,Never-worked,None,Other-relative,386664,Doctorate,0,0
17,Kids,Japan,Asia,3,7,Other,Female,<=50K,Never-married,Never-worked,None,Not-in-family,196514,HS-grad,0,0
5,Kids,Peru,SouthAmerica,14,10,Other,Male,<=50K,Never-married,Never-worked,None,Other-relative,406781,HS-grad,0,0
6,Kids,Mexico,NorthAmerica,5,1,Other,Female,<=50K,Divorced,Never-worked,None,Other-relative,78651,HS-grad,0,0
15,Kids,Jamaica,CentralAmerica,8,7,Other,Male,<=50K,Never-married,Never-worked,None,Other-relative,273606,11th,0,0
6,Kids,China,Asia,7,2,Other,Female,<=50K,Separated,Never-worked,None,Own-child,35504,Bachelors,0,0
6,Kids,China,Asia,2,0,Other,Female,<=50K,Widowed,Never-worked,None,Wife,396419,Doctorate,0,0
17,Kids,Greece,Europe,8,9,Other,Female,<=50K,Never-married,Never-worked,None,Unmarried,112821,Masters,0,0
1,Kids,Germany,Europe,2,2,Other,Female,<=50K,Separated,Never-worked,None,Not-in-family,159350,11th,0,0
6,Kids,Poland,Europe,12,10,Other,Female,<=50K,Widowed,Never-worked,None,Other-relative,50147,Assoc-acdm,0,0
11,Kids,United-States,NorthAmerica,8,7,Other,Female,<=50K,Divorced,Never-worked,None,Other-relative,429664,Some-college,0,0
10,Kids,Germany,Europe,3,4,Other,Female,<=50K,Divorced,Never-worked,None,Unmarried,41055,HS-grad,0,0
3,Kids,Ireland,Europe,13,3,Other,Female,<=50K,Never-married,Never-worked,None,Husband,427897,HS-grad,0,0
12,Kids,Poland,Europe,13,0,Other,Male,<=50K,Separated,Never-worked,None,Wife,219939,Assoc-voc,0,0
11,Kids,Cuba,CentralAmerica,15,5,Other,Female,<=50K,Widowed,Never-worked,None,Unmarried,60747,Assoc-voc,0,0
8,Kids,Egypt,Africa,5,7,Other,Male,<=50K,Widowed,Never-worked,None,Own-child,135456,Assoc-voc,0,0
2,Kids,Peru,SouthAmerica,3,9,Other,Female,<=50K,Separated,Never-worked,None,Not-in-family,79877,Masters,0,0
10,Kids,Cuba,CentralAmerica,8,10,Other,Female,<=50K,Divorced,Never-worked,None,Not-in-family,212760,Doctorate,0,0
1,Kids,Vietnam,Asia,5,10,Other,Male,<=50K,Never-married,Never-worked,None,Own-child,185529,Assoc-voc,0,0
15,Kids,Outlying-US(Guam-USVI-etc),NorthAmerica,1,0,Other,Male,<=50K,Never-married,Never-worked,None,Husband,58835,11th,0,0
4,Kids,France,Europe,7,5,Other,Male,<=50K,Divorced,Never-worked,None,Husband,46052,Masters,0,0
14,Kids,South,Asia,3,4,Other,Female,<=50K,Divorced,Never-worked,None,Wife,41796,11th,0,0
16,Kids,Greece,Europe,2,2,Other,Female,<=50K,Widowed,Never-worked,None,Wife,80031,Masters,0,0
12,Kids,Egypt,Africa,9,1,Other,Female,<=50K,Never-married,Never-worked,None,Other-relative,295778,Doctorate,0,0
11,Kids,France,Europe,16,3,Other,Male,<=50K,Divorced,Never-worked,None,Own-child,365348,Assoc-voc,0,0
8,Kids,Ireland,Europe,1,5,Other,Female,<=50K,Divorced,Never-worked,None,Other-relative,194038,Bachelors,0,0
6,Kids,Cuba,CentralAmerica,4,6,Other,Female,<=50K,Married-civ-spouse,Never-worked,None,Husband,410643,Assoc-acdm,0,0
16,Kids,United-States,NorthAmerica,9,2,Other,Female,<=50K,Separated,Never-worked,None,Wife,43894,Bachelors,0,0
4,Kids,Portugal,Europe,4,5,Other,Male,<=50K,Separated,Never-worked,None,Not-in-family,144362,HS-grad,0,0
5,Kids,India,Asia,9,10,Other,Male,<=50K,Separated,Never-worked,None,Not-in-family,363285,HS-grad,0,0
2,Kids,Germany,Europe,8,6,Other,Male,<=50K,Separated,Never-worked,None,Wife,334371,Assoc-acdm,0,0
12,Kids,Puerto-Rico,CentralAmerica,7,9,Other,Female,<=50K,Never-married,Never-worked,None,Not-in-family,253650,11th,0,0
8,Kids,Haiti,CentralAmerica,7,9,Other,Female,<=50K,Married-civ-spouse,Never-worked,None,Wife,350506,Bachelors,0,0
6,Kids,South,Asia,11,9,Other,Female,<=50K,Widowed,Never-worked,None,Not-in-family,247248,Masters,0,0
8,Kids,South,Asia,8,7,Other,Female,<=50K,Divorced,Never-worked,None,Own-child,140473,Masters,0,0
6,Kids,South-Africa,Africa,4,2,Other,Male,<=50K,Divorced,Never-worked,None,Other-relative,71741,Assoc-acdm,0,0
6,Kids,Dominican-Republic,CentralAmerica,14,10,Other,Female,<=50K,Divorced,Never-worked,None,Not-in-family,100080,Assoc-voc,0,0
15,Kids,Germany,Europe,1,7,Other,Male,<=50K,Separated,Never-worked,None,Husband,446014,11th,0,0
6,Kids,Portugal,Europe,7,10,Other,Male,<=50K,Separated,Never-worked,None,Other-relative,333948,Doctorate,0,0
7,Kids,United-States,NorthAmerica,4,6,Other,Female,<=50K,Widowed,Never-worked,None,Husband,423180,Doctorate,0,0
6,Kids,Vietnam,Asia,10,8,Other,Male,<=50K,Widowed,Never-worked,None,Own-child,388839,Bachelors,0,0
6,Kids,Ireland,Europe,2,4,Other,Female,<=50K,Married-civ-spouse,Never-worked,None,Not-in-family,488963,11th,0,0
2,Kids,Honduras,CentralAmerica,8,8,Other,Male,<=50K,Married-civ-spouse,Never-worked,None,Own-child,476992,Doctorate,0,0
1,Kids,India,Asia,15,1,Other,Female,<=50K,Widowed,Never-worked,None,Other-relative,347213,Some-college,0,0
6,Kids,Trinadad&Tobago,CentralAmerica,3,3,Other,Female,<=50K,Married-civ-spouse,Never-worked,None,Own-child,106559,Assoc-acdm,0,0
9,Kids,China,Asia,15,9,Other,Female,<=50K,Never-married,Never-worked,None,Husband,407587,11th,0,0
1,Kids,Canada,NorthAmerica,4,6,Other,Female,<=50K,Divorced,Never-worked,None,Other-relative,193998,HS-grad,0,0
4,Kids,Ecuador,SouthAmerica,6,4,Other,Female,<=50K,Never-married,Never-worked,None,Not-in-family,185341,HS-grad,0,0
1,Kids,Germany,Europe,2,1,Other,Male,<=50K,Separated,Never-worked,None,Other-relative,69687,HS-grad,0,0
3,Kids,Portugal,Europe,6,9,Other,Male,<=50K,Never-married,Never-worked,None,Own-child,427991,Masters,0,0
1,Kids,Peru,SouthAmerica,9,2,Other,Female,<=50K,Divorced,Never-worked,None,Unmarried,107944,Bachelors,0,0
3,Kids,Poland,Europe,14,7,Other,Female,<=50K,Married-civ-spouse,Never-worked,None,Wife,208001,Bachelors,0,0
2,Kids,Canada,NorthAmerica,13,4,Other,Male,<=50K,Never-married,Never-worked,None,Husband,183328,11th,0,0
11,Kids,South-Africa,Africa,6,10,Other,Male,<=50K,Divorced,Never-worked,None,Own-child,418542,Some-college,0,0
4,Kids,Jamaica,CentralAmerica,12,4,Other,Female,<=50K,Married-civ-spouse,Never-worked,None,Other-relative,98381,11th,0,0
15,Kids,Germany,Europe,11,5,Other,Male,<=50K,Separated,Never-worked,None,Wife,455624,11th,0,0
11,Kids,Mexico,NorthAmerica,4,8,Other,Male,<=50K,Separated,Never-worked,None,Wife,280015,Assoc-acdm,0,0
10,Kids,Ireland,Europe,12,0,Other,Female,<=50K,Separated,Never-worked,None,Unmarried,275930,Assoc-acdm,0,0
10,Kids,Peru,SouthAmerica,14,4,Other,Female,<=50K,Separated,Never-worked,None,Unmarried,119744,Assoc-voc,0,0
10,Kids,South,Asia,6,10,Other,Male,<=50K,Separated,Never-worked,None,Unmarried,122984,Assoc-acdm,0,0
4,Kids,Puerto-Rico,CentralAmerica,6,10,Other,Male,<=50K,Widowed,Never-worked,None,Other-relative,171649,Doctorate,0,0
8,Kids,El-Salvador,CentralAmerica,9,6,Other,Male,<=50K,Married-civ-spouse,Never-worked,None,Wife,338923,Doctorate,0,0
17,Kids,Cuba,CentralAmerica,11,8,Other,Female,<=50K,Never-married,Never-worked,None,Own-child,317083,11th,0,0
12,Kids,Honduras,CentralAmerica,4,2,Other,Female,<=50K,Widowed,Never-worked,None,Husband,495241,Some-college,0,0
14,Kids,Outlying-US(Guam-USVI-etc),NorthAmerica,1,7,Other,Male,<=50K,Divorced,Never-worked,None,Not-in-family,53175,Doctorate,0,0
16,Kids,Germany,Europe,14,9,Other,Female,<=50K,Divorced,Never-worked,None,Other-relative,51660,Assoc-voc,0,0
5,Kids,Germany,Europe,12,1,Other,Female,<=50K,Divorced,Never-worked,None,Not-in-family,339098,Doctorate,0,0
13,Kids,Egypt,Africa,8,7,Other,Male,<=50K,Never-married,Never-worked,None,Not-in-family,457012,Bachelors,0,0
11,Kids,Canada,NorthAmerica,2,0,Other,Male,<=50K,Widowed,Never-worked,None,Husband,363232,Doctorate,0,0
9,Kids,Philippines,Asia,12,9,Other,Male,<=50K,Married-civ-spouse,Never-worked,None,Own-child,105308,Doctorate,0,0
2,Kids,Haiti,CentralAmerica,8,3,Other,Female,<=50K,Divorced,Never-worked,None,Wife,127531,Assoc-acdm,0,0
5,Kids,South-Africa,Africa,14,5,Other,Male,<=50K,Divorced,Never-worked,None,Other-relative,206429,Some-college,0,0
7,Kids,Peru,SouthAmerica,15,0,Other,Female,<=50K,Widowed,Never-worked,None,Husband,207695,11th,0,0
11,Kids,Outlying-US(Guam-USVI-etc),NorthAmerica,10,10,Other,Female,<=50K,Never-married,Never-worked,None,Unmarried,362105,11th,0,0
14,Kids,Philippines,Asia,13,2,Other,Male,<=50K,Separated,Never-worked,None,Husband,204251,HS-grad,0,0
14,Kids,Trinadad&Tobago,CentralAmerica,3,5,Other,Male,<=50K,Never-married,Never-worked,None,Other-relative,44369,11th,0,0
9,Kids,France,Europe,11,2,Other,Male,<=50K,Separated,Never-worked,None,Unmarried,205578,HS-grad,0,0
15,Kids,Jamaica,CentralAmerica,7,6,Other,Male,<=50K,Widowed,Never-worked,None,Unmarried,282391,HS-grad,0,0
10,Kids,Japan,Asia,7,0,Other,Female,<=50K,Divorced,Never-worked,None,Own-child,53861,HS-grad,0,0
4,Kids,England,Europe,11,2,Other,Male,<=50K,Divorced,Never-worked,None,Own-child,346639,Bachelors,0,0
11,Kids,Cuba,CentralAmerica,5,3,Other,Male,<=50K,Divorced,Never-worked,None,Own-child,317042,Assoc-voc,0,0
14,Kids,United-States,NorthAmerica,6,2,Other,Female,<=50K,Never-married,Never-worked,None,Not-in-family,226635,Assoc-acdm,0,0
1,Kids,Outlying-US(Guam-USVI-etc),NorthAmerica,12,0,Other,Male,<=50K,Never-married,Never-worked,None,Wife,381213,Assoc-acdm,0,0
8,Kids,Haiti,CentralAmerica,1,9,Other,Female,<=50K,Widowed,Never-worked,None,Own-child,98573,Bachelors,0,0
3,Kids,Germany,Europe,2,1,Other,Female,<=50K,Married-civ-spouse,Never-worked,None,Unmarried,339337,Doctorate,0,0
10,Kids,Philippines,Asia,13,1,Other,Male,<=50K,Separated,Never-worked,None,Not-in-family,315548,Doctorate,0,0
2,Kids,Jamaica,CentralAmerica,10,9,Other,Male,<=50K,Married-civ-spouse,Never-worked,None,Other-relative,271333,Assoc-voc,0,0
6,Kids,France,Europe,13,6,Other,Male,<=50K,Married-civ-spouse,Never-worked,None,Own-child,194063,Some-college,0,0
12,Kids,South-Africa,Africa,2,0,Other,Male,<=50K,Married-civ-spouse,Never-worked,None,Wife,203210,Some-college,0,0
12,Kids,Canada,NorthAmerica,16,8,Other,Female,<=50K,Never-married,Never-worked,None,Own-child,390705,Doctorate,0,0
3,Kids,France,Europe,6,0,Other,Male,<=50K,Divorced,Never-worked,None,Wife,477765,HS-grad,0,0
9,Kids,Columbia,SouthAmerica,8,1,Other,Male,<=50K,Never-married,Never-worked,None,Not-in-family,122367,11th,0,0
5,Kids,El-Salvador,CentralAmerica,11,2,Other,Male,<=50K,Married-civ-spouse,Never-worked,None,Husband,379887,HS-grad,0,0
4,Kids,Cuba,CentralAmerica,6,2,Other,Female,<=50K,Widowed,Never-worked,None,Not-in-family,335571,Assoc-voc,0,0
14,Kids,Vietnam,Asia,9,8,Other,Male,<=50K,Married-civ-spouse,Never-worked,None,Wife,105594,HS-grad,0,0
0,Kids,Jamaica,CentralAmerica,11,2,Other,Female,<=50K,Widowed,Never-worked,None,Not-in-family,199098,Bachelors,0,0
17,Kids,Outlying-US(Guam-USVI-etc),NorthAmerica,15,6,Other,Female,<=50K,Divorced,Never-worked,None,Not-in-family,478394,11th,0,0
2,Kids,Puerto-Rico,CentralAmerica,5,9,Other,Female,<=50K,Never-married,Never-worked,None,Husband,252502,11th,0,0
15,Kids,El-Salvador,CentralAmerica,10,4,Other,Male,<=50K,Widowed,Never-worked,None,Not-in-family,238139,11th,0,0
2,Kids,England,Europe,9,0,Other,Male,<=50K,Widowed,Never-worked,None,Husband,113340,11th,0,0
4,Kids,Canada,NorthAmerica,11,3,Other,Male,<=50K,Widowed,Never-worked,None,Not-in-family,368243,HS-grad,0,0
4,Kids,Ireland,Europe,1,5,Other,Female,<=50K,Widowed,Never-worked,None,Husband,358280,Doctorate,0,0
6,Kids,Peru,SouthAmerica,15,9,Other,Female,<=50K,Widowed,Never-worked,None,Not-in-family,216488,Assoc-voc,0,0
13,Kids,Dominican-Republic,CentralAmerica,16,1,Other,Female,<=50K,Divorced,Never-worked,None,Other-relative,47156,Bachelors,0,0
8,Kids,El-Salvador,CentralAmerica,14,1,Other,Male,<=50K,Separated,Never-worked,None,Wife,162058,Some-college,0,0
3,Kids,Portugal,Europe,5,9,Other,Male,<=50K,Never-married,Never-worked,None,Husband,375107,11th,0,0
16,Kids,Honduras,CentralAmerica,8,6,Other,Female,<=50K,Separated,Never-worked,None,Other-relative,151352,Doctorate,0,0
10,Kids,Philippines,Asia,3,2,Other,Female,<=50K,Never-married,Never-worked,None,Husband,395385,Masters,0,0
3,Kids,Portugal,Europe,10,9,Other,Male,<=50K,Widowed,Never-worked,None,Husband,339760,Doctorate,0,0
0,Kids,India,Asia,1,10,Other,Female,<=50K,Never-married,Never-worked,None,Wife,43044,HS-grad,0,0
14,Kids,China,Asia,13,1,Other,Female,<=50K,Divorced,Never-worked,None,Other-relative,440129,Doctorate,0,0
5,Kids,Canada,NorthAmerica,10,1,Other,Female,<=50K,Widowed,Never-worked,None,Husband,237432,HS-grad,0,0
9,Kids,Portugal,Europe,8,5,Other,Female,<=50K,Separated,Never-worked,None,Wife,256890,Bachelors,0,0
13,Kids,El-Salvador,CentralAmerica,10,0,Other,Female,<=50K,Married-civ-spouse,Never-worked,None,Husband,415740,Bachelors,0,0
9,Kids,Puerto-Rico,CentralAmerica,5,5,Other,Female,<=50K,Married-civ-spouse,Never-worked,None,Not-in-family,263698,11th,0,0
0,Kids,Germany,Europe,6,5,Other,Female,<=50K,Divorced,Never-worked,None,Not-in-family,192153,11th,0,0
5,Kids,Jamaica,CentralAmerica,14,4,Other,Male,<=50K,Divorced,Never-worked,None,Own-child,129375,Doctorate,0,0
0,Kids,Outlying-US(Guam-USVI-etc),NorthAmerica,3,0,Other,Male,<=50K,Widowed,Never-worked,None,Husband,62653,HS-grad,0,0
5,Kids,Mexico,NorthAmerica,11,5,Other,Male,<=50K,Separated,Never-worked,None,Not-in-family,478629,Bachelors,0,0
3,Kids,Poland,Europe,12,4,Other,Male,<=50K,Never-married,Never-worked,None,Own-child,335261,Masters,0,0
17,Kids,Vietnam,Asia,12,2,Other,Female,<=50K,Divorced,Never-worked,None,Other-relative,185032,Assoc-voc,0,0
17,Kids,Vietnam,Asia,1,1,Other,Male,<=50K,Married-civ-spouse,Never-worked,None,Not-in-family,193039,Bachelors,0,0
1,Kids,Jamaica,CentralAmerica,9,2,Other,Female,<=50K,Widowed,Never-worked,None,Own-child,237834,Some-college,0,0
9,Kids,Vietnam,Asia,5,7,Other,Female,<=50K,Widowed,Never-worked,None,Not-in-family,265725,11th,0,0
7,Kids,England,Europe,11,9,Other,Female,<=50K,Married-civ-spouse,Never-worked,None,Unmarried,452659,Assoc-acdm,0,0
5,Kids,Outlying-US(Guam-USVI-etc),NorthAmerica,14,4,Other,Female,<=50K,Divorced,Never-worked,None,Own-child,427319,Assoc-voc,0,0
14,Kids,Puerto-Rico,CentralAmerica,13,3,Other,Female,<=50K,Never-married,Never-worked,None,Husband,59204,11th,0,0
9,Kids,India,Asia,8,1,Other,Female,<=50K,Widowed,Never-worked,None,Own-child,192234,Doctorate,0,0
