race,gender,age,education,marital_status,work_class,occupation,hours_per_week,native_country,fnlwgt,capital_gain,capital_loss,income,agegroup,continent
Black,Female,18,HS-grad,Married-civ-spouse,Private,Prof-specialty,29,Philippines,407833,9874,3194,<=50K,YoungAdults,Asia
Black,Female,51,HS-grad,Never-married,Federal-gov,Handlers-cleaners,20,Philippines,453002,6833,4982,<=50K,MiddleAged,Asia
Black,Female,36,Bachelors,Married-civ-spouse,Federal-gov,Other-service,23,Japan,294568,4815,5170,<=50K,Adults,Asia
Black,Male,66,Some-college,Divorced,Private,Craft-repair,52,Vietnam,179971,2080,9661,>50K,Senior,Asia
Black,Female,43,Bachelors,Married-civ-spouse,Without-pay,Exec-managerial,35,Philippines,183963,5773,1278,<=50K,Adults,Asia
Black,Male,46,HS-grad,Married-civ-spouse,Private,Prof-specialty,27,Vietnam,163097,5119,6260,>50K,Adults,Asia
Black,Male,18,HS-grad,Never-married,Private,Handlers-cleaners,55,India,15831,421,7591,>50K,YoungAdults,Asia
Black,Male,35,Some-college,Widowed,Self-emp-not-inc,Other-service,46,China,166129,1265,8541,>50K,Adults,Asia
Black,Female,20,Some-college,Never-married,Never-worked,Machine-op-inspct,32,South,291638,5191,4745,<=50K,YoungAdults,Asia
Black,Male,53,HS-grad,Married-civ-spouse,Private,Tech-support,43,Philippines,32786,2726,4641,>50K,MiddleAged,Asia
Black,Female,61,Some-college,Married-civ-spouse,Private,Tech-support,56,China,165135,8879,543,<=50K,MiddleAged,Asia
Black,Female,68,HS-grad,Divorced,Private,Exec-managerial,56,Vietnam,132344,9763,4518,<=50K,Senior,Asia
Black,Female,35,Bachelors,Divorced,Local-gov,Prof-specialty,43,South,31397,4354,4698,<=50K,Adults,Asia
Black,Male,63,11th,Married-civ-spouse,Private,Craft-repair,25,Vietnam,56757,5318,4766,>50K,MiddleAged,Asia
Black,Male,23,Masters,Never-married,Self-emp-not-inc,Other-service,28,South,243821,7268,9184,>50K,YoungAdults,Asia
Black,Female,18,Some-college,Married-civ-spouse,Private,Machine-op-inspct,26,Japan,50562,2516,1277,<=50K,YoungAdults,Asia
Black,Male,31,Bachelors,Widowed,Private,Other-service,51,South,317972,5231,2499,>50K,Adults,Asia
Black,Female,19,HS-grad,Divorced,Never-worked,Craft-repair,45,Philippines,16843,4829,3755,<=50K,YoungAdults,Asia
Black,Male,56,Doctorate,Never-married,Private,Sales,53,Philippines,11886,3543,3771,>50K,MiddleAged,Asia
Black,Female,38,HS-grad,Never-married,Private,Other-service,53,Philippines,110138,7003,8941,<=50K,Adults,Asia
Black,Male,50,Assoc-voc,Widowed,Private,Craft-repair,53,Japan,163355,5485,2939,>50K,MiddleAged,Asia
Black,Male,18,Bachelors,Married-civ-spouse,Self-emp-not-inc,Prof-specialty,28,Japan,212697,3127,9751,>50K,YoungAdults,Asia
Black,Female,70,HS-grad,Married-civ-spouse,State-gov,Handlers-cleaners,30,Vietnam,451748,4016,2242,<=50K,Senior,Asia
Black,Female,19,Some-college,Never-married,Private,Sales,48,China,83492,1879,16,<=50K,YoungAdults,Asia
Black,Male,43,Bachelors,Separated,Private,Craft-repair,28,China,305640,8023,7275,>50K,Adults,Asia
Black,Male,46,Assoc-voc,Married-civ-spouse,Private,Machine-op-inspct,28,Japan,412556,2210,6421,>50K,Adults,Asia
Black,Female,64,Masters,Never-married,State-gov,Machine-op-inspct,36,Japan,347182,1320,2100,<=50K,MiddleAged,Asia
Black,Female,53,11th,Widowed,Private,Other-service,60,India,350917,8897,1131,<=50K,MiddleAged,Asia
Black,Male,49,Assoc-voc,Divorced,Private,Other-service,32,China,65918,9185,9434,>50K,Adults,Asia
Black,Female,53,HS-grad,Married-civ-spouse,Private,Craft-repair,42,South,475954,5786,8765,<=50K,MiddleAged,Asia
Black,Male,42,HS-grad,Never-married,Private,Tech-support,56,China,411743,2240,7170,>50K,Adults,Asia
Black,Male,40,Some-college,Married-civ-spouse,Private,Other-service,40,South,379445,5829,5777,>50K,Adults,Asia
Black,Female,52,Some-college,Never-married,Private,Tech-support,20,South,457474,9119,5585,<=50K,MiddleAged,Asia
Black,Male,22,Bachelors,Never-married,Private,Sales,45,Japan,97531,6593,4449,>50K,YoungAdults,Asia
Black,Male,37,HS-grad,Divorced,Private,Other-service,48,South,440536,1829,1685,>50K,Adults,Asia
Black,Female,51,Some-college,Never-married,Private,Exec-managerial,41,South,20796,8335,7489,<=50K,MiddleAged,Asia
Black,Male,69,HS-grad,Married-civ-spouse,Never-worked,Prof-specialty,33,India,13164,5124,5977,>50K,Senior,Asia
Black,Female,46,11th,Never-married,Never-worked,Exec-managerial,49,China,425354,7427,9944,<=50K,Adults,Asia
Black,Male,48,11th,Married-civ-spouse,Private,Sales,51,Philippines,166345,2810,3131,>50K,Adults,Asia
Black,Female,36,HS-grad,Married-civ-spouse,Private,Prof-specialty,31,Japan,394518,1441,9406,<=50K,Adults,Asia
Black,Male,43,Doctorate,Married-civ-spouse,Private,Exec-managerial,32,Philippines,83647,8442,7179,>50K,Adults,Asia
Black,Female,24,11th,Never-married,Local-gov,Tech-support,35,Philippines,236479,6488,7217,<=50K,YoungAdults,Asia
Black,Female,47,HS-grad,Widowed,Private,Other-service,28,Philippines,53832,1855,9597,<=50K,Adults,Asia
Black,Female,56,HS-grad,Married-civ-spouse,Private,Craft-repair,57,Vietnam,349342,6123,4189,<=50K,MiddleAged,Asia
Black,Female,44,HS-grad,Never-married,Self-emp-not-inc,Prof-specialty,31,Vietnam,246559,2052,283,<=50K,Adults,Asia
Black,Male,69,Bachelors,Never-married,State-gov,Handlers-cleaners,28,China,207159,476,2339,>50K,Senior,Asia
Black,Male,62,Some-college,Never-married,Private,Sales,25,Philippines,137673,9657,2107,>50K,MiddleAged,Asia
Black,Female,42,HS-grad,Never-married,Private,Handlers-cleaners,46,Philippines,210295,7872,1661,<=50K,Adults,Asia
Black,Female,48,HS-grad,Divorced,Private,Handlers-cleaners,20,Vietnam,149691,77,1539,<=50K,Adults,Asia
Black,Male,29,Assoc-acdm,Divorced,Private,Prof-specialty,44,Philippines,231191,7093,8374,>50K,YoungAdults,Asia
Black,Male,35,HS-grad,Never-married,Without-pay,Exec-managerial,28,Philippines,176310,5083,829,>50K,Adults,Asia
Black,Male,48,HS-grad,Married-civ-spouse,Never-worked,Handlers-cleaners,33,South,205905,9027,737,>50K,Adults,Asia
Black,Female,35,HS-grad,Married-civ-spouse,Private,Craft-repair,50,Japan,394646,3777,8653,<=50K,Adults,Asia
Black,Male,34,Some-college,Married-civ-spouse,Local-gov,Sales,37,China,90818,8348,3214,>50K,Adults,Asia
Black,Female,27,Some-college,Married-civ-spouse,Private,Sales,28,China,17929,6386,5193,<=50K,YoungAdults,Asia
Black,Female,66,11th,Never-married,Private,Other-service,23,South,92442,5196,4665,<=50K,Senior,Asia
Black,Male,63,HS-grad,Married-civ-spouse,Private,Exec-managerial,50,Philippines,185291,1949,2080,>50K,MiddleAged,Asia
Black,Male,36,Masters,Never-married,Self-emp-not-inc,Sales,20,India,158883,728,2218,>50K,Adults,Asia
Black,Male,30,HS-grad,Married-civ-spouse,Private,Prof-specialty,40,South,202113,1576,5629,>50K,Adults,Asia
Black,Male,31,HS-grad,Never-married,Self-emp-not-inc,Craft-repair,23,Vietnam,365455,286,8663,>50K,Adults,Asia
Black,Male,50,HS-grad,Married-civ-spouse,Private,Handlers-cleaners,42,India,349924,9153,7361,>50K,MiddleAged,Asia
Black,Female,43,Some-college,Married-civ-spouse,Private,Other-service,26,India,129519,8537,3347,<=50K,Adults,Asia
Black,Male,63,Some-college,Married-civ-spouse,Private,Prof-specialty,29,India,145005,1211,5236,>50K,MiddleAged,Asia
Black,Male,51,HS-grad,Divorced,Private,Tech-support,45,Vietnam,63406,9235,1918,>50K,MiddleAged,Asia
Black,Male,64,11th,Married-civ-spouse,Private,Sales,28,India,415378,8543,148,>50K,MiddleAged,Asia
Black,Female,38,HS-grad,Married-civ-spouse,State-gov,Exec-managerial,49,Philippines,106208,9040,8894,<=50K,Adults,Asia
Black,Male,61,HS-grad,Widowed,Private,Other-service,57,India,194736,1912,7540,>50K,MiddleAged,Asia
Black,Male,49,11th,Never-married,Private,Prof-specialty,20,India,168339,1222,1700,>50K,Adults,Asia
Black,Male,27,Bachelors,Married-civ-spouse,Private,Craft-repair,43,South,230409,2553,9373,>50K,YoungAdults,Asia
Black,Female,62,Some-college,Never-married,Self-emp-not-inc,Exec-managerial,40,China,390919,1242,5609,<=50K,MiddleAged,Asia
Black,Female,70,Masters,Never-married,Private,Exec-managerial,54,India,169907,3369,2818,<=50K,Senior,Asia
Black,Male,51,Bachelors,Divorced,Private,Exec-managerial,38,China,23834,8236,2630,>50K,MiddleAged,Asia
Black,Female,19,Bachelors,Married-civ-spouse,Private,Prof-specialty,57,China,279889,5360,4092,<=50K,YoungAdults,Asia
Black,Female,54,Some-college,Widowed,Self-emp-not-inc,Prof-specialty,47,Japan,102731,4357,2271,<=50K,MiddleAged,Asia
Black,Female,29,Assoc-acdm,Married-civ-spouse,Private,Exec-managerial,51,Japan,187269,3914,922,<=50K,YoungAdults,Asia
Black,Male,23,Bachelors,Married-civ-spouse,Private,Other-service,41,South,263940,773,1066,>50K,YoungAdults,Asia
Black,Male,20,HS-grad,Divorced,Private,Prof-specialty,46,South,167028,3979,6153,>50K,YoungAdults,Asia
Black,Female,22,11th,Married-civ-spouse,Private,Sales,33,South,330940,385,3222,<=50K,YoungAdults,Asia
Black,Female,49,HS-grad,Divorced,Private,Machine-op-inspct,42,Philippines,74956,4410,2767,<=50K,Adults,Asia
Black,Male,22,HS-grad,Never-married,Private,Sales,58,China,352779,6193,1746,>50K,YoungAdults,Asia
Black,Male,51,Assoc-acdm,Married-civ-spouse,Private,Prof-specialty,31,South,265329,9091,6937,>50K,MiddleAged,Asia
Black,Male,22,Some-college,Never-married,Local-gov,Handlers-cleaners,40,China,314828,9553,8038,>50K,YoungAdults,Asia
Black,Female,27,HS-grad,Divorced,Private,Handlers-cleaners,52,Vietnam,386092,2104,8955,<=50K,YoungAdults,Asia
Black,Male,56,HS-grad,Married-civ-spouse,Private,Craft-repair,22,India,145081,5562,1449,>50K,MiddleAged,Asia
Black,Male,58,HS-grad,Married-civ-spouse,Private,Exec-managerial,48,India,53535,4001,7884,>50K,MiddleAged,Asia
Black,Female,39,HS-grad,Never-married,Private,Prof-specialty,47,China,343298,9128,6131,<=50K,Adults,Asia
Black,Male,27,Assoc-acdm,Married-civ-spouse,Private,Handlers-cleaners,33,South,231659,4526,8258,>50K,YoungAdults,Asia
Black,Male,43,Some-college,Separated,Private,Tech-support,46,India,149670,3741,853,>50K,Adults,Asia
Black,Male,51,Bachelors,Never-married,Local-gov,Sales,39,Philippines,179411,6194,681,>50K,MiddleAged,Asia
Black,Male,30,HS-grad,Widowed,Private,Handlers-cleaners,29,China,490166,1869,4481,>50K,Adults,Asia
Black,Female,50,HS-grad,Married-civ-spouse,Without-pay,Craft-repair,48,Vietnam,219210,1101,4447,<=50K,MiddleAged,Asia
Black,Male,27,Some-college,Married-civ-spouse,Self-emp-not-inc,Craft-repair,55,Vietnam,309235,6636,7530,>50K,YoungAdults,Asia
Black,Female,68,Bachelors,Married-civ-spouse,Private,Tech-support,23,Vietnam,303755,350,6192,<=50K,Senior,Asia
Black,Female,68,HS-grad,Married-civ-spouse,Self-emp-not-inc,Exec-managerial,23,South,456362,1287,2204,<=50K,Senior,Asia
Black,Female,58,Bachelors,Married-civ-spouse,Private,Handlers-cleaners,45,China,213091,2065,4687,<=50K,MiddleAged,Asia
Black,Female,49,HS-grad,Married-civ-spouse,Local-gov,Tech-support,27,South,420794,8421,1342,<=50K,Adults,Asia
Black,Female,19,HS-grad,Married-civ-spouse,Private,Machine-op-inspct,20,Philippines,352526,6615,3626,<=50K,YoungAdults,Asia
Black,Female,33,Bachelors,Divorced,Private,Prof-specialty,50,China,485670,5142,2408,<=50K,Adults,Asia
Black,Female,25,Bachelors,Married-civ-spouse,Private,Exec-managerial,46,Vietnam,253460,4391,3310,<=50K,YoungAdults,Asia
Black,Female,18,HS-grad,Divorced,Private,Handlers-cleaners,25,South,260247,5175,2333,<=50K,YoungAdults,Asia
White,Female,25,Some-college,Married-civ-spouse,Private,Exec-managerial,34,Japan,276818,552,7248,<=50K,YoungAdults,Asia
White,Male,58,HS-grad,Married-civ-spouse,Private,Exec-managerial,52,Philippines,314739,5964,5739,>50K,MiddleAged,Asia
White,Female,34,Some-college,Divorced,Private,Exec-managerial,39,Japan,351242,5439,9676,<=50K,Adults,Asia
White,Female,26,HS-grad,Married-civ-spouse,Self-emp-not-inc,Tech-support,36,Vietnam,472001,3531,2448,<=50K,YoungAdults,Asia
White,Female,29,Bachelors,Married-civ-spouse,Private,Handlers-cleaners,39,South,181701,7501,8632,<=50K,YoungAdults,Asia
White,Female,68,11th,Married-civ-spouse,Federal-gov,Handlers-cleaners,23,India,35276,8544,8520,<=50K,Senior,Asia
White,Female,18,HS-grad,Married-civ-spouse,Self-emp-not-inc,Prof-specialty,29,South,357972,4468,1582,<=50K,YoungAdults,Asia
White,Female,52,Assoc-voc,Never-married,Private,Exec-managerial,36,Japan,204455,1160,3632,<=50K,MiddleAged,Asia
White,Male,62,11th,Married-civ-spouse,Never-worked,Sales,37,Vietnam,26511,515,9824,>50K,MiddleAged,Asia
White,Female,19,Assoc-voc,Never-married,Private,Machine-op-inspct,52,China,319885,4004,2733,<=50K,YoungAdults,Asia
White,Female,52,Some-college,Separated,Self-emp-not-inc,Exec-managerial,28,India,205516,3359,5515,<=50K,MiddleAged,Asia
White,Male,61,HS-grad,Separated,State-gov,Prof-specialty,28,India,327963,56,7406,>50K,MiddleAged,Asia
White,Male,67,HS-grad,Married-civ-spouse,State-gov,Tech-support,20,South,437092,4800,2897,>50K,Senior,Asia
White,Male,46,HS-grad,Never-married,Private,Prof-specialty,59,Japan,437674,9199,4553,>50K,Adults,Asia
White,Female,61,Some-college,Divorced,Private,Handlers-cleaners,22,India,160356,4949,8849,<=50K,MiddleAged,Asia
White,Female,64,Bachelors,Married-civ-spouse,Self-emp-not-inc,Other-service,24,Japan,143931,2877,22,<=50K,MiddleAged,Asia
White,Female,21,11th,Never-married,Private,Craft-repair,22,India,55267,2738,1742,<=50K,YoungAdults,Asia
White,Male,25,HS-grad,Never-married,Private,Prof-specialty,47,Vietnam,140548,2233,9120,>50K,YoungAdults,Asia
White,Male,57,11th,Married-civ-spouse,Private,Craft-repair,38,South,44027,5210,1273,>50K,MiddleAged,Asia
White,Male,65,Assoc-acdm,Never-married,Private,Machine-op-inspct,56,Japan,447989,3105,9437,>50K,Senior,Asia
White,Female,58,11th,Married-civ-spouse,Private,Other-service,60,Vietnam,333805,4756,3110,<=50K,MiddleAged,Asia
White,Male,23,Some-college,Married-civ-spouse,Private,Exec-managerial,23,India,146190,1896,3351,>50K,YoungAdults,Asia
White,Male,51,11th,Never-married,Without-pay,Tech-support,34,China,51566,5023,8160,>50K,MiddleAged,Asia
White,Female,61,Bachelors,Never-married,Private,Prof-specialty,56,Japan,203768,2614,3078,<=50K,MiddleAged,Asia
White,Male,53,Bachelors,Never-married,Federal-gov,Sales,36,China,496940,8504,4955,>50K,MiddleAged,Asia
White,Male,22,HS-grad,Widowed,Private,Prof-specialty,53,Philippines,109506,4769,3808,>50K,YoungAdults,Asia
White,Female,36,Bachelors,Separated,Private,Handlers-cleaners,52,India,92216,2489,4311,<=50K,Adults,Asia
White,Female,53,HS-grad,Married-civ-spouse,Private,Handlers-cleaners,55,Philippines,420437,3562,2148,<=50K,MiddleAged,Asia
White,Female,63,HS-grad,Married-civ-spouse,Private,Craft-repair,37,India,168115,4949,987,<=50K,MiddleAged,Asia
White,Female,21,11th,Divorced,Private,Craft-repair,42,China,310698,5206,7100,<=50K,YoungAdults,Asia
White,Male,42,Masters,Married-civ-spouse,Private,Sales,43,South,244698,1545,9938,>50K,Adults,Asia
White,Male,63,HS-grad,Married-civ-spouse,Private,Handlers-cleaners,49,Philippines,174385,8314,9394,>50K,MiddleAged,Asia
White,Female,27,Some-college,Married-civ-spouse,Never-worked,Exec-managerial,31,South,481397,5768,37,<=50K,YoungAdults,Asia
White,Male,55,Masters,Never-married,Private,Tech-support,45,Japan,340600,8748,6344,>50K,MiddleAged,Asia
White,Female,28,Masters,Married-civ-spouse,Self-emp-not-inc,Craft-repair,24,Philippines,119625,381,7598,<=50K,YoungAdults,Asia
White,Female,51,HS-grad,Married-civ-spouse,Private,Tech-support,30,India,419104,614,7253,<=50K,MiddleAged,Asia
White,Male,46,Some-college,Married-civ-spouse,Private,Exec-managerial,48,Philippines,288348,5760,7794,>50K,Adults,Asia
White,Female,32,Assoc-acdm,Never-married,Private,Prof-specialty,39,China,344078,7170,4545,<=50K,Adults,Asia
White,Male,25,Masters,Married-civ-spouse,Private,Prof-specialty,54,India,480474,351,1318,>50K,YoungAdults,Asia
White,Male,68,HS-grad,Never-married,Private,Craft-repair,46,Japan,82499,184,7308,>50K,Senior,Asia
White,Female,18,HS-grad,Never-married,Private,Other-service,45,Japan,246572,5860,6414,<=50K,YoungAdults,Asia
White,Male,29,Bachelors,Never-married,Local-gov,Other-service,22,India,408784,9378,5373,>50K,YoungAdults,Asia
White,Male,20,Bachelors,Married-civ-spouse,Self-emp-not-inc,Prof-specialty,35,India,75287,4574,1767,>50K,YoungAdults,Asia
White,Male,19,Some-college,Never-married,Private,Prof-specialty,52,Philippines,108532,7661,6762,>50K,YoungAdults,Asia
White,Female,45,Bachelors,Never-married,Private,Prof-specialty,34,Vietnam,498677,4117,1637,<=50K,Adults,Asia
White,Male,64,Some-college,Never-married,Federal-gov,Craft-repair,21,Philippines,33123,6004,678,>50K,MiddleAged,Asia
White,Female,63,Assoc-acdm,Never-married,Without-pay,Handlers-cleaners,41,Vietnam,290422,7363,9896,<=50K,MiddleAged,Asia
White,Male,20,11th,Married-civ-spouse,Private,Craft-repair,32,Vietnam,298908,3644,5828,>50K,YoungAdults,Asia
White,Male,18,Bachelors,Divorced,Private,Other-service,35,Vietnam,233813,3023,4266,>50K,YoungAdults,Asia
White,Female,56,Bachelors,Married-civ-spouse,Private,Machine-op-inspct,21,Philippines,85473,4064,7843,<=50K,MiddleAged,Asia
White,Female,25,Bachelors,Widowed,State-gov,Prof-specialty,31,China,210011,4897,8461,<=50K,YoungAdults,Asia
White,Male,35,Some-college,Never-married,Never-worked,Craft-repair,47,India,444717,4306,3275,>50K,Adults,Asia
White,Male,40,11th,Widowed,Private,Exec-managerial,57,Vietnam,209412,9679,9382,>50K,Adults,Asia
White,Male,45,11th,Never-married,Private,Machine-op-inspct,51,Vietnam,448862,246,6815,>50K,Adults,Asia
White,Male,55,11th,Never-married,Self-emp-not-inc,Machine-op-inspct,26,India,254253,4971,5884,>50K,MiddleAged,Asia
White,Female,21,Bachelors,Married-civ-spouse,Private,Prof-specialty,37,South,371213,9316,3261,<=50K,YoungAdults,Asia
White,Male,44,Some-college,Married-civ-spouse,Private,Other-service,58,Japan,46887,8614,3768,>50K,Adults,Asia
White,Female,64,HS-grad,Married-civ-spouse,State-gov,Sales,49,India,59275,9754,261,<=50K,MiddleAged,Asia
White,Male,32,Masters,Divorced,Private,Other-service,37,Vietnam,72731,4073,9181,>50K,Adults,Asia
White,Female,55,Bachelors,Never-married,Private,Exec-managerial,33,Vietnam,374814,2826,6219,<=50K,MiddleAged,Asia
White,Male,38,11th,Never-married,Local-gov,Craft-repair,59,India,284790,253,3882,>50K,Adults,Asia
White,Male,23,Some-college,Married-civ-spouse,Private,Exec-managerial,47,South,447278,5439,1387,>50K,YoungAdults,Asia
White,Male,25,Some-college,Never-married,Never-worked,Craft-repair,26,China,276176,42,9795,>50K,YoungAdults,Asia
White,Female,18,HS-grad,Never-married,Private,Other-service,34,Japan,423851,8043,4849,<=50K,YoungAdults,Asia
White,Female,37,HS-grad,Married-civ-spouse,Private,Other-service,27,China,161484,7225,5415,<=50K,Adults,Asia
White,Male,18,Some-college,Never-married,Private,Other-service,30,China,66391,5234,6122,>50K,YoungAdults,Asia
White,Male,40,Doctorate,Married-civ-spouse,Self-emp-not-inc,Tech-support,48,Vietnam,155462,5443,7040,>50K,Adults,Asia
White,Male,67,Masters,Never-married,Private,Machine-op-inspct,20,India,66216,5153,3867,>50K,Senior,Asia
White,Female,58,Assoc-acdm,Married-civ-spouse,Private,Prof-specialty,51,Vietnam,73689,4457,2772,<=50K,MiddleAged,Asia
White,Female,53,Bachelors,Never-married,Private,Handlers-cleaners,54,China,140830,8265,7317,<=50K,MiddleAged,Asia
White,Male,45,Masters,Widowed,Private,Prof-specialty,52,South,439041,7300,3330,>50K,Adults,Asia
White,Female,33,Assoc-acdm,Never-married,Private,Sales,52,China,476413,2966,4528,<=50K,Adults,Asia
White,Female,62,Some-college,Widowed,Private,Handlers-cleaners,24,Japan,286669,7966,1976,<=50K,MiddleAged,Asia
White,Male,41,HS-grad,Married-civ-spouse,Self-emp-not-inc,Prof-specialty,30,Japan,483687,6948,6727,>50K,Adults,Asia
White,Male,22,Masters,Divorced,Private,Craft-repair,41,Vietnam,36677,6076,944,>50K,YoungAdults,Asia
White,Female,58,Bachelors,Never-married,Private,Handlers-cleaners,39,China,191432,4511,9905,<=50K,MiddleAged,Asia
White,Female,33,11th,Never-married,Self-emp-not-inc,Craft-repair,27,Japan,97361,3197,9015,<=50K,Adults,Asia
White,Male,56,Bachelors,Never-married,Private,Prof-specialty,43,Vietnam,184518,211,6415,>50K,MiddleAged,Asia
White,Male,51,Bachelors,Never-married,Local-gov,Other-service,32,South,10671,1584,1109,>50K,MiddleAged,Asia
White,Male,59,HS-grad,Never-married,Private,Handlers-cleaners,30,Japan,18809,6770,8144,>50K,MiddleAged,Asia
White,Female,67,Some-college,Married-civ-spouse,Private,Sales,52,India,406791,3177,3170,<=50K,Senior,Asia
White,Male,61,HS-grad,Married-civ-spouse,Private,Other-service,37,India,108055,5262,7421,>50K,MiddleAged,Asia
White,Male,27,Assoc-acdm,Married-civ-spouse,Private,Tech-support,21,South,421036,9320,5782,>50K,YoungAdults,Asia
White,Male,20,11th,Married-civ-spouse,Private,Exec-managerial,36,Vietnam,363587,4178,5956,>50K,YoungAdults,Asia
White,Female,60,Some-college,Never-married,Private,Sales,58,Vietnam,103011,5872,637,<=50K,MiddleAged,Asia
White,Female,60,HS-grad,Married-civ-spouse,Private,Exec-managerial,36,South,330004,7379,3288,<=50K,MiddleAged,Asia
White,Male,55,Bachelors,Widowed,State-gov,Prof-specialty,58,China,352852,7190,3914,>50K,MiddleAged,Asia
White,Female,58,Bachelors,Never-married,Without-pay,Handlers-cleaners,52,Philippines,499571,6781,4198,<=50K,MiddleAged,Asia
White,Male,69,Some-college,Married-civ-spouse,Self-emp-not-inc,Sales,23,China,190773,4662,749,>50K,Senior,Asia
White,Male,38,HS-grad,Never-married,Never-worked,Exec-managerial,41,Vietnam,478028,2496,6989,>50K,Adults,Asia
White,Male,53,HS-grad,Divorced,Private,Tech-support,25,Japan,252167,2358,4177,>50K,MiddleAged,Asia
White,Male,62,Some-college,Never-married,Private,Handlers-cleaners,55,Vietnam,115359,1147,9955,>50K,MiddleAged,Asia
White,Female,25,Doctorate,Never-married,Private,Prof-specialty,21,Philippines,318280,8482,2574,<=50K,YoungAdults,Asia
White,Male,23,11th,Married-civ-spouse,Self-emp-not-inc,Other-service,60,Japan,32324,1065,5319,>50K,YoungAdults,Asia
White,Female,53,HS-grad,Married-civ-spouse,Private,Prof-specialty,49,Vietnam,463986,2092,9071,<=50K,MiddleAged,Asia
White,Male,22,HS-grad,Married-civ-spouse,Private,Prof-specialty,50,China,26762,3804,4537,>50K,YoungAdults,Asia
White,Male,70,Bachelors,Married-civ-spouse,Self-emp-not-inc,Tech-support,31,South,267324,5725,5637,>50K,Senior,Asia
White,Male,66,Bachelors,Never-married,Private,Prof-specialty,32,China,221271,5642,7281,>50K,Senior,Asia
White,Male,43,Some-college,Married-civ-spouse,Private,Exec-managerial,27,India,72215,5407,3404,>50K,Adults,Asia
White,Male,26,Masters,Never-married,Private,Exec-managerial,23,South,206976,7457,8999,>50K,YoungAdults,Asia
White,Male,21,HS-grad,Married-civ-spouse,Private,Other-service,23,South,204282,1130,6784,>50K,YoungAdults,Asia
White,Female,55,HS-grad,Married-civ-spouse,Private,Tech-support,57,China,231629,4686,6155,<=50K,MiddleAged,Asia
White,Female,51,Assoc-acdm,Never-married,Private,Sales,42,Philippines,339382,21,9062,<=50K,MiddleAged,Asia
White,Male,34,11th,Widowed,Private,Craft-repair,33,South,78329,1878,9026,>50K,Adults,Asia
White,Female,41,HS-grad,Never-married,Private,Exec-managerial,32,Vietnam,184497,2117,7188,<=50K,Adults,Asia
White,Female,40,Bachelors,Married-civ-spouse,Private,Other-service,53,South,175396,3668,3428,<=50K,Adults,Asia
White,Male,27,HS-grad,Married-civ-spouse,Self-emp-not-inc,Craft-repair,42,South,224788,5584,8974,>50K,YoungAdults,Asia
White,Male,51,Bachelors,Married-civ-spouse,Private,Other-service,20,Japan,199559,2338,6633,>50K,MiddleAged,Asia
White,Female,60,Bachelors,Separated,Private,Handlers-cleaners,27,China,294223,9371,901,<=50K,MiddleAged,Asia
White,Female,65,Assoc-acdm,Divorced,Private,Craft-repair,44,China,343657,6955,1036,<=50K,Senior,Asia
White,Female,31,Bachelors,Married-civ-spouse,Private,Prof-specialty,58,China,425254,8616,7865,<=50K,Adults,Asia
White,Male,64,Some-college,Never-married,Private,Exec-managerial,45,India,388986,9497,8782,>50K,MiddleAged,Asia
White,Female,28,Some-college,Married-civ-spouse,Private,Tech-support,60,South,91528,16,1342,<=50K,YoungAdults,Asia
White,Female,49,HS-grad,Married-civ-spouse,Private,Other-service,30,India,387825,4490,6487,<=50K,Adults,Asia
White,Female,28,Bachelors,Married-civ-spouse,Private,Exec-managerial,34,China,236187,6553,4422,<=50K,YoungAdults,Asia
White,Female,30,HS-grad,Married-civ-spouse,Private,Craft-repair,57,China,55276,3470,9315,<=50K,Adults,Asia
White,Male,25,Some-college,Married-civ-spouse,Private,Exec-managerial,24,Japan,210522,5118,8887,>50K,YoungAdults,Asia
White,Male,54,HS-grad,Never-married,Private,Tech-support,47,Vietnam,381702,657,6367,>50K,MiddleAged,Asia
White,Female,56,HS-grad,Widowed,Private,Handlers-cleaners,20,China,475282,8688,6561,<=50K,MiddleAged,Asia
White,Female,59,Bachelors,Never-married,Private,Tech-support,41,South,478423,6635,2714,<=50K,MiddleAged,Asia
White,Male,62,Bachelors,Married-civ-spouse,State-gov,Handlers-cleaners,27,India,63003,9095,4936,>50K,MiddleAged,Asia
White,Male,24,Masters,Divorced,Private,Craft-repair,41,Japan,205522,1881,5927,>50K,YoungAdults,Asia
White,Male,44,Bachelors,Never-married,Private,Machine-op-inspct,51,Japan,454123,5347,8135,>50K,Adults,Asia
White,Female,51,11th,Never-married,Private,Machine-op-inspct,41,China,419166,1292,5562,<=50K,MiddleAged,Asia
White,Female,60,Some-college,Married-civ-spouse,Private,Sales,24,Japan,493903,1283,1864,<=50K,MiddleAged,Asia
White,Male,51,Bachelors,Never-married,Federal-gov,Exec-managerial,28,China,375438,1459,6467,>50K,MiddleAged,Asia
White,Female,25,Bachelors,Widowed,Self-emp-not-inc,Exec-managerial,52,Vietnam,93315,1612,2042,<=50K,YoungAdults,Asia
White,Female,34,Masters,Separated,Private,Prof-specialty,47,China,327006,6203,3753,<=50K,Adults,Asia
White,Male,19,HS-grad,Never-married,Private,Other-service,39,Philippines,323591,5425,5810,>50K,YoungAdults,Asia
White,Female,59,Some-college,Never-married,Private,Exec-managerial,55,Vietnam,295808,1148,7004,<=50K,MiddleAged,Asia
White,Male,40,11th,Never-married,Self-emp-not-inc,Other-service,45,South,437301,947,8488,>50K,Adults,Asia
White,Female,51,Some-college,Separated,Private,Other-service,55,Vietnam,427544,6393,2257,<=50K,MiddleAged,Asia
White,Male,54,Masters,Separated,State-gov,Machine-op-inspct,38,Vietnam,396169,3612,5143,>50K,MiddleAged,Asia
White,Female,32,11th,Never-married,Private,Sales,48,Vietnam,210159,9316,5346,<=50K,Adults,Asia
White,Female,69,Masters,Married-civ-spouse,Private,Prof-specialty,42,Vietnam,18563,9478,9676,<=50K,Senior,Asia
White,Male,46,Doctorate,Married-civ-spouse,Private,Exec-managerial,60,Japan,137882,4030,9749,>50K,Adults,Asia
White,Female,64,Some-college,Never-married,Private,Other-service,43,Philippines,402877,8616,813,<=50K,MiddleAged,Asia
White,Male,50,Some-college,Never-married,Private,Exec-managerial,60,Japan,365351,3690,261,>50K,MiddleAged,Asia
White,Male,32,11th,Never-married,Private,Machine-op-inspct,38,Philippines,409254,4089,4220,>50K,Adults,Asia
White,Male,43,Bachelors,Married-civ-spouse,Private,Craft-repair,21,South,498053,3126,6652,>50K,Adults,Asia
White,Female,44,HS-grad,Widowed,Private,Craft-repair,54,South,52268,9155,6855,<=50K,Adults,Asia
White,Female,68,Assoc-acdm,Married-civ-spouse,Private,Other-service,59,South,493329,5313,9243,<=50K,Senior,Asia
White,Female,27,Some-college,Never-married,Private,Other-service,40,Vietnam,442769,8401,3905,<=50K,YoungAdults,Asia
White,Female,48,Some-college,Separated,Private,Exec-managerial,44,India,235810,7673,2302,<=50K,Adults,Asia
White,Male,47,Some-college,Married-civ-spouse,Private,Machine-op-inspct,58,South,302729,5770,2537,>50K,Adults,Asia
White,Male,53,HS-grad,Divorced,Private,Other-service,39,Philippines,82803,7167,6742,>50K,MiddleAged,Asia
White,Female,62,Bachelors,Never-married,Self-emp-not-inc,Tech-support,37,Philippines,29951,8093,4539,<=50K,MiddleAged,Asia
White,Male,48,Doctorate,Married-civ-spouse,Federal-gov,Prof-specialty,23,Vietnam,68737,7924,3062,>50K,Adults,Asia
White,Female,43,Assoc-acdm,Married-civ-spouse,Self-emp-not-inc,Machine-op-inspct,51,South,458718,6311,1200,<=50K,Adults,Asia
White,Female,65,HS-grad,Married-civ-spouse,Private,Tech-support,37,India,255154,9251,6682,<=50K,Senior,Asia
White,Female,22,HS-grad,Never-married,Private,Handlers-cleaners,23,India,403916,75,8821,<=50K,YoungAdults,Asia
White,Female,47,Assoc-acdm,Never-married,Private,Exec-managerial,26,Philippines,417538,1251,4998,<=50K,Adults,Asia
White,Female,22,HS-grad,Divorced,State-gov,Other-service,59,South,28268,6881,213,<=50K,YoungAdults,Asia
White,Female,42,HS-grad,Divorced,Private,Exec-managerial,22,South,202686,159,5643,<=50K,Adults,Asia
White,Male,66,Assoc-voc,Never-married,Private,Sales,31,Philippines,127647,9473,7827,>50K,Senior,Asia
White,Male,39,Bachelors,Divorced,Private,Exec-managerial,21,Philippines,88198,910,5043,>50K,Adults,Asia
White,Male,40,HS-grad,Married-civ-spouse,Private,Machine-op-inspct,44,China,120913,4889,7732,>50K,Adults,Asia
White,Male,48,HS-grad,Never-married,Without-pay,Sales,58,Vietnam,58243,8042,8489,>50K,Adults,Asia
White,Male,43,Masters,Married-civ-spouse,Private,Handlers-cleaners,44,Philippines,60400,3309,177,>50K,Adults,Asia
White,Female,67,HS-grad,Married-civ-spouse,Private,Tech-support,56,Vietnam,443854,5568,926,<=50K,Senior,Asia
White,Male,61,HS-grad,Married-civ-spouse,Self-emp-not-inc,Machine-op-inspct,56,Vietnam,38781,6184,7610,>50K,MiddleAged,Asia
White,Male,35,Assoc-voc,Never-married,Self-emp-not-inc,Sales,58,Philippines,196339,9881,7263,>50K,Adults,Asia
White,Male,66,HS-grad,Never-married,Private,Machine-op-inspct,30,Vietnam,328336,6861,9601,>50K,Senior,Asia
White,Female,67,Some-college,Never-married,Private,Tech-support,38,Japan,372152,2789,5289,<=50K,Senior,Asia
White,Female,37,HS-grad,Married-civ-spouse,Without-pay,Handlers-cleaners,44,Philippines,209308,992,6567,<=50K,Adults,Asia
White,Female,36,HS-grad,Married-civ-spouse,Federal-gov,Prof-specialty,48,Vietnam,457903,5969,2360,<=50K,Adults,Asia
White,Female,65,Assoc-voc,Never-married,Private,Exec-managerial,59,China,453994,6939,4634,<=50K,Senior,Asia
White,Male,20,Bachelors,Never-married,Self-emp-not-inc,Prof-specialty,56,India,128173,5954,1959,>50K,YoungAdults,Asia
White,Female,66,Masters,Never-married,Private,Handlers-cleaners,54,India,304149,5679,55,<=50K,Senior,Asia
White,Male,26,Doctorate,Married-civ-spouse,Federal-gov,Handlers-cleaners,60,China,342780,1253,5572,>50K,YoungAdults,Asia
White,Female,56,Bachelors,Never-married,State-gov,Prof-specialty,20,Japan,231685,7964,2988,<=50K,MiddleAged,Asia
White,Female,65,HS-grad,Never-married,Private,Prof-specialty,54,Philippines,114402,8649,9940,<=50K,Senior,Asia
White,Female,41,Assoc-acdm,Married-civ-spouse,Self-emp-not-inc,Other-service,51,China,428721,5607,9176,<=50K,Adults,Asia
White,Female,25,11th,Married-civ-spouse,Private,Machine-op-inspct,39,Vietnam,201637,2679,1180,<=50K,YoungAdults,Asia
White,Female,59,Some-college,Separated,Local-gov,Exec-managerial,23,India,105919,8825,2736,<=50K,MiddleAged,Asia
White,Female,34,Masters,Divorced,Self-emp-not-inc,Exec-managerial,54,Vietnam,52239,8735,7344,<=50K,Adults,Asia
White,Female,49,Some-college,Married-civ-spouse,State-gov,Craft-repair,44,Japan,364709,2421,8962,<=50K,Adults,Asia
White,Male,27,11th,Never-married,Self-emp-not-inc,Prof-specialty,33,Vietnam,229718,2331,3351,>50K,YoungAdults,Asia
White,Male,58,HS-grad,Never-married,Private,Other-service,51,China,12316,6576,7785,>50K,MiddleAged,Asia
White,Female,19,HS-grad,Never-married,Private,Machine-op-inspct,21,China,148606,6575,9141,<=50K,YoungAdults,Asia
White,Female,56,Masters,Married-civ-spouse,Without-pay,Machine-op-inspct,56,South,163980,1213,7799,<=50K,MiddleAged,Asia
White,Female,47,Some-college,Never-married,Private,Sales,37,Vietnam,490260,5695,7369,<=50K,Adults,Asia
White,Male,47,Masters,Never-married,State-gov,Sales,48,China,404963,7501,1132,>50K,Adults,Asia
White,Male,53,HS-grad,Divorced,Private,Tech-support,59,India,486677,123,8256,>50K,MiddleAged,Asia
White,Male,55,HS-grad,Married-civ-spouse,Private,Handlers-cleaners,27,Japan,28050,8580,4976,>50K,MiddleAged,Asia
White,Male,27,Doctorate,Married-civ-spouse,Self-emp-not-inc,Other-service,37,China,271957,2188,8869,>50K,YoungAdults,Asia
White,Male,39,HS-grad,Never-married,Private,Other-service,32,Japan,391135,4021,1715,>50K,Adults,Asia
White,Female,23,Some-college,Never-married,Without-pay,Other-service,26,Japan,170799,222,6402,<=50K,YoungAdults,Asia
White,Female,61,11th,Married-civ-spouse,Local-gov,Craft-repair,37,Japan,165460,6230,8199,<=50K,MiddleAged,Asia
White,Male,49,HS-grad,Never-married,State-gov,Sales,37,South,142952,7920,3443,>50K,Adults,Asia
White,Female,34,HS-grad,Married-civ-spouse,Private,Exec-managerial,33,China,361716,4183,2254,<=50K,Adults,Asia
White,Male,63,HS-grad,Divorced,Private,Exec-managerial,30,Vietnam,205486,6379,8648,>50K,MiddleAged,Asia
White,Female,53,Bachelors,Married-civ-spouse,Private,Other-service,59,China,135582,494,4769,<=50K,MiddleAged,Asia
White,Female,52,HS-grad,Never-married,Federal-gov,Tech-support,50,Japan,64490,2185,2049,<=50K,MiddleAged,Asia
White,Male,62,Some-college,Divorced,Local-gov,Exec-managerial,29,Japan,117951,4387,9235,>50K,MiddleAged,Asia
White,Female,56,Assoc-acdm,Married-civ-spouse,Self-emp-not-inc,Other-service,37,Philippines,451417,9815,341,<=50K,MiddleAged,Asia
White,Female,40,Some-college,Never-married,Never-worked,Exec-managerial,60,China,106110,4137,3052,<=50K,Adults,Asia
White,Female,57,11th,Widowed,Private,Machine-op-inspct,41,China,276996,9573,2492,<=50K,MiddleAged,Asia
White,Female,21,HS-grad,Married-civ-spouse,Private,Machine-op-inspct,45,India,148941,7444,5001,<=50K,YoungAdults,Asia
White,Male,43,Some-college,Married-civ-spouse,Private,Sales,21,India,52690,2345,5995,>50K,Adults,Asia
White,Female,41,11th,Widowed,Private,Other-service,50,China,405042,6422,3438,<=50K,Adults,Asia
White,Male,25,Bachelors,Married-civ-spouse,Private,Prof-specialty,60,South,104297,3913,8521,>50K,YoungAdults,Asia
White,Male,63,Bachelors,Married-civ-spouse,Self-emp-not-inc,Prof-specialty,24,India,80971,2949,2822,>50K,MiddleAged,Asia
White,Male,63,HS-grad,Married-civ-spouse,Private,Exec-managerial,51,India,438156,4159,8124,>50K,MiddleAged,Asia
White,Female,58,HS-grad,Never-married,Private,Sales,33,South,131420,2998,8435,<=50K,MiddleAged,Asia
White,Male,34,Doctorate,Never-married,Private,Sales,41,Vietnam,244149,7074,3137,>50K,Adults,Asia
White,Female,47,Some-college,Divorced,Private,Exec-managerial,58,South,289613,1040,5866,<=50K,Adults,Asia
White,Female,52,Masters,Married-civ-spouse,Private,Prof-specialty,51,China,126800,2647,3476,<=50K,MiddleAged,Asia
White,Male,29,Doctorate,Never-married,Private,Other-service,33,Philippines,89790,3416,4964,>50K,YoungAdults,Asia
White,Female,53,Some-college,Married-civ-spouse,Private,Sales,58,South,108725,9277,259,<=50K,MiddleAged,Asia
White,Female,22,HS-grad,Married-civ-spouse,Private,Sales,44,Vietnam,295380,3242,3276,<=50K,YoungAdults,Asia
White,Female,50,HS-grad,Never-married,Private,Tech-support,35,Vietnam,35071,4441,6329,<=50K,MiddleAged,Asia
White,Female,48,Assoc-acdm,Married-civ-spouse,Local-gov,Sales,54,Vietnam,471033,657,5328,<=50K,Adults,Asia
White,Male,40,HS-grad,Never-married,Private,Other-service,34,South,370076,9534,3874,>50K,Adults,Asia
White,Female,19,HS-grad,Never-married,Private,Exec-managerial,42,Philippines,477153,5924,7898,<=50K,YoungAdults,Asia
White,Male,58,Bachelors,Never-married,Private,Tech-support,53,China,227173,1992,6899,>50K,MiddleAged,Asia
White,Female,59,Some-college,Never-married,Private,Other-service,43,Vietnam,351460,1794,8665,<=50K,MiddleAged,Asia
White,Male,70,HS-grad,Married-civ-spouse,Self-emp-not-inc,Exec-managerial,53,Vietnam,496053,9344,4692,>50K,Senior,Asia
White,Male,68,HS-grad,Separated,Private,Prof-specialty,57,Japan,119058,4044,4621,>50K,Senior,Asia
White,Male,47,Some-college,Never-married,State-gov,Tech-support,37,South,313077,8601,3305,>50K,Adults,Asia
White,Female,26,HS-grad,Married-civ-spouse,Without-pay,Craft-repair,23,Philippines,343121,3145,3206,<=50K,YoungAdults,Asia
White,Male,56,Doctorate,Divorced,State-gov,Other-service,36,India,35520,9890,7424,>50K,MiddleAged,Asia
White,Male,39,Bachelors,Married-civ-spouse,Private,Sales,37,China,209219,188,7819,>50K,Adults,Asia
White,Male,29,Bachelors,Married-civ-spouse,Private,Exec-managerial,55,South,25782,7418,2401,>50K,YoungAdults,Asia
White,Male,26,11th,Divorced,Private,Other-service,44,Vietnam,301797,9029,1146,>50K,YoungAdults,Asia
White,Male,50,HS-grad,Married-civ-spouse,Private,Machine-op-inspct,27,China,485397,152,3952,>50K,MiddleAged,Asia
White,Female,39,HS-grad,Widowed,Private,Other-service,24,Japan,171905,3287,7413,<=50K,Adults,Asia
White,Female,30,Some-college,Never-married,State-gov,Exec-managerial,30,India,185993,1136,874,<=50K,Adults,Asia
White,Female,20,HS-grad,Never-married,Private,Handlers-cleaners,59,Vietnam,159124,9969,2464,<=50K,YoungAdults,Asia
White,Male,41,Doctorate,Never-married,Self-emp-not-inc,Other-service,27,South,170222,4828,864,>50K,Adults,Asia
White,Female,41,Bachelors,Widowed,Private,Craft-repair,52,South,102990,1004,1986,<=50K,Adults,Asia
White,Female,53,Masters,Never-married,State-gov,Prof-specialty,46,Vietnam,146625,4305,1047,<=50K,MiddleAged,Asia
White,Female,25,HS-grad,Married-civ-spouse,Private,Sales,24,China,286048,3306,7560,<=50K,YoungAdults,Asia
White,Male,18,HS-grad,Never-married,Private,Sales,33,India,22955,7565,5314,>50K,YoungAdults,Asia
White,Female,52,HS-grad,Married-civ-spouse,Never-worked,Other-service,28,India,232702,5497,6364,<=50K,MiddleAged,Asia
White,Female,21,HS-grad,Never-married,Private,Tech-support,21,Philippines,473207,3527,2432,<=50K,YoungAdults,Asia
White,Female,61,HS-grad,Married-civ-spouse,Private,Prof-specialty,54,Japan,19318,6539,1032,<=50K,MiddleAged,Asia
White,Male,42,Some-college,Never-married,Self-emp-not-inc,Sales,52,South,98078,2813,6697,>50K,Adults,Asia
White,Female,42,HS-grad,Widowed,Private,Exec-managerial,49,Japan,436946,6179,9227,<=50K,Adults,Asia
White,Male,40,HS-grad,Married-civ-spouse,Private,Prof-specialty,34,Japan,476468,734,7865,>50K,Adults,Asia
White,Female,52,Doctorate,Married-civ-spouse,Private,Tech-support,45,Philippines,440695,3805,4471,<=50K,MiddleAged,Asia
White,Female,28,Bachelors,Widowed,Local-gov,Prof-specialty,48,South,181636,2966,7446,<=50K,YoungAdults,Asia
White,Female,20,Bachelors,Never-married,Private,Machine-op-inspct,42,India,157891,7406,1501,<=50K,YoungAdults,Asia
White,Female,65,Assoc-voc,Never-married,Private,Machine-op-inspct,46,Japan,355253,9994,3971,<=50K,Senior,Asia
White,Male,29,Assoc-voc,Married-civ-spouse,State-gov,Other-service,44,South,373046,7031,2323,>50K,YoungAdults,Asia
White,Male,60,HS-grad,Divorced,Private,Exec-managerial,45,Philippines,238740,1098,8285,>50K,MiddleAged,Asia
White,Male,57,11th,Married-civ-spouse,Private,Exec-managerial,50,Vietnam,30027,4210,8611,>50K,MiddleAged,Asia
White,Female,51,Some-college,Never-married,Private,Tech-support,48,China,483836,268,6031,<=50K,MiddleAged,Asia
White,Female,18,Bachelors,Married-civ-spouse,Private,Prof-specialty,39,Japan,399901,1265,411,<=50K,YoungAdults,Asia
White,Male,54,HS-grad,Widowed,Private,Handlers-cleaners,48,Vietnam,14103,8997,5095,>50K,MiddleAged,Asia
White,Female,50,11th,Never-married,Private,Sales,28,Philippines,451439,2984,1616,<=50K,MiddleAged,Asia
White,Male,50,Masters,Never-married,Without-pay,Craft-repair,40,South,99358,5277,4277,>50K,MiddleAged,Asia
White,Female,54,Some-college,Married-civ-spouse,Private,Sales,35,India,34967,2335,9387,<=50K,MiddleAged,Asia
White,Female,64,Assoc-voc,Married-civ-spouse,Self-emp-not-inc,Craft-repair,56,Philippines,256831,5582,9190,<=50K,MiddleAged,Asia
White,Female,70,HS-grad,Married-civ-spouse,Private,Tech-support,47,Vietnam,265386,5183,2402,<=50K,Senior,Asia
White,Female,67,Some-college,Married-civ-spouse,Local-gov,Handlers-cleaners,20,Philippines,298984,3405,3066,<=50K,Senior,Asia
White,Male,49,HS-grad,Separated,Private,Exec-managerial,53,South,456357,7813,1556,>50K,Adults,Asia
White,Male,46,HS-grad,Divorced,Private,Machine-op-inspct,55,Japan,195679,8218,5160,>50K,Adults,Asia
White,Male,43,Bachelors,Never-married,Private,Prof-specialty,20,India,443310,257,8378,>50K,Adults,Asia
White,Female,47,HS-grad,Never-married,Private,Tech-support,32,India,466827,212,4127,<=50K,Adults,Asia
White,Female,30,HS-grad,Never-married,Never-worked,Other-service,38,Vietnam,356284,9100,5482,<=50K,Adults,Asia
White,Female,26,11th,Never-married,Federal-gov,Prof-specialty,51,Vietnam,44407,339,9494,<=50K,YoungAdults,Asia
White,Male,44,Bachelors,Married-civ-spouse,Private,Exec-managerial,47,Vietnam,481133,8492,3340,>50K,Adults,Asia
White,Female,33,HS-grad,Married-civ-spouse,Private,Tech-support,38,China,193492,6365,3138,<=50K,Adults,Asia
White,Female,67,Some-college,Married-civ-spouse,Private,Tech-support,54,India,228381,5804,5538,<=50K,Senior,Asia
White,Male,66,Some-college,Married-civ-spouse,Without-pay,Sales,55,China,182913,2729,8676,>50K,Senior,Asia
White,Male,27,HS-grad,Never-married,Private,Sales,20,South,215534,6953,1201,>50K,YoungAdults,Asia
White,Female,31,Bachelors,Never-married,Federal-gov,Sales,54,Philippines,486157,157,7016,<=50K,Adults,Asia
White,Male,25,HS-grad,Never-married,Private,Tech-support,52,Vietnam,60234,348,3064,>50K,YoungAdults,Asia
White,Male,44,HS-grad,Married-civ-spouse,Private,Exec-managerial,43,Vietnam,46564,6335,5371,>50K,Adults,Asia
White,Female,35,HS-grad,Never-married,Private,Sales,53,Vietnam,435126,8536,9106,<=50K,Adults,Asia
White,Female,40,Bachelors,Never-married,Federal-gov,Other-service,59,India,32437,2742,3469,<=50K,Adults,Asia
White,Male,28,Some-college,Never-married,Private,Prof-specialty,21,Vietnam,456193,5092,9806,>50K,YoungAdults,Asia
White,Male,57,HS-grad,Married-civ-spouse,Private,Prof-specialty,44,Vietnam,94951,4786,3207,>50K,MiddleAged,Asia
White,Male,25,Assoc-acdm,Married-civ-spouse,Private,Handlers-cleaners,24,Japan,117302,5321,4202,>50K,YoungAdults,Asia
White,Male,19,Some-college,Never-married,Without-pay,Other-service,21,South,397705,5123,1594,>50K,YoungAdults,Asia
White,Male,39,Bachelors,Married-civ-spouse,Never-worked,Exec-managerial,21,China,336974,3849,4861,>50K,Adults,Asia
White,Male,44,Assoc-acdm,Never-married,Private,Exec-managerial,42,South,314311,1805,1165,>50K,Adults,Asia
White,Male,51,Doctorate,Never-married,Private,Prof-specialty,45,India,241084,4061,9972,>50K,MiddleAged,Asia
White,Female,42,HS-grad,Married-civ-spouse,Never-worked,Machine-op-inspct,51,China,180425,1533,4489,<=50K,Adults,Asia
White,Male,50,Masters,Married-civ-spouse,Private,Tech-support,29,India,279480,214,1649,>50K,MiddleAged,Asia
White,Female,53,HS-grad,Married-civ-spouse,Private,Handlers-cleaners,21,India,93529,672,912,<=50K,MiddleAged,Asia
White,Male,27,Assoc-acdm,Divorced,Private,Exec-managerial,34,India,307203,5486,2946,>50K,YoungAdults,Asia
White,Male,64,HS-grad,Married-civ-spouse,Private,Prof-specialty,30,Vietnam,113731,5375,5034,>50K,MiddleAged,Asia
White,Male,64,Some-college,Married-civ-spouse,State-gov,Exec-managerial,30,India,445929,6538,6283,>50K,MiddleAged,Asia
White,Male,47,Some-college,Married-civ-spouse,Private,Exec-managerial,34,Vietnam,165998,250,5568,>50K,Adults,Asia
White,Female,60,Some-college,Never-married,Private,Sales,34,China,89048,5712,7529,<=50K,MiddleAged,Asia
White,Male,32,Assoc-voc,Married-civ-spouse,Self-emp-not-inc,Craft-repair,52,India,80841,9640,1247,>50K,Adults,Asia
White,Female,38,Bachelors,Never-married,Federal-gov,Other-service,43,China,326540,8170,8192,<=50K,Adults,Asia
White,Male,51,Bachelors,Never-married,Self-emp-not-inc,Handlers-cleaners,38,Vietnam,363789,9575,6876,>50K,MiddleAged,Asia
White,Male,69,Masters,Divorced,Private,Craft-repair,23,South,201799,2649,1761,>50K,Senior,Asia
White,Female,51,HS-grad,Never-married,Private,Exec-managerial,54,India,337913,1385,6967,<=50K,MiddleAged,Asia
White,Male,26,HS-grad,Divorced,Private,Craft-repair,41,South,433221,7018,5745,>50K,YoungAdults,Asia
White,Female,59,11th,Never-married,Private,Exec-managerial,24,Vietnam,270445,1504,9836,<=50K,MiddleAged,Asia
White,Male,63,HS-grad,Never-married,Federal-gov,Other-service,52,Japan,121390,4457,2049,>50K,MiddleAged,Asia
White,Female,56,HS-grad,Married-civ-spouse,Self-emp-not-inc,Exec-managerial,38,China,137205,8592,5894,<=50K,MiddleAged,Asia
White,Male,26,Some-college,Married-civ-spouse,Private,Prof-specialty,56,China,355036,5512,4696,>50K,YoungAdults,Asia
White,Female,51,HS-grad,Widowed,Never-worked,Exec-managerial,45,South,261769,4561,4591,<=50K,MiddleAged,Asia
White,Female,46,HS-grad,Married-civ-spouse,Private,Other-service,36,China,111449,7691,4444,<=50K,Adults,Asia
White,Male,27,11th,Never-married,Self-emp-not-inc,Sales,28,India,70693,3308,7125,>50K,YoungAdults,Asia
White,Male,59,Some-college,Married-civ-spouse,Private,Handlers-cleaners,55,South,180368,596,3324,>50K,MiddleAged,Asia
White,Male,54,Doctorate,Never-married,Self-emp-not-inc,Other-service,23,Vietnam,251022,1342,3310,>50K,MiddleAged,Asia
White,Female,41,Doctorate,Never-married,Private,Craft-repair,25,Vietnam,323804,6660,9321,<=50K,Adults,Asia
White,Female,29,HS-grad,Married-civ-spouse,Private,Other-service,36,China,280516,398,2624,<=50K,YoungAdults,Asia
White,Female,57,HS-grad,Married-civ-spouse,Private,Sales,60,China,181861,4483,4775,<=50K,MiddleAged,Asia
White,Female,27,Some-college,Never-married,Private,Prof-specialty,50,South,291895,889,1164,<=50K,YoungAdults,Asia
White,Male,40,Some-college,Never-married,Private,Handlers-cleaners,58,Japan,235525,5691,2078,>50K,Adults,Asia
White,Female,56,HS-grad,Never-married,State-gov,Handlers-cleaners,32,South,401913,3197,6621,<=50K,MiddleAged,Asia
White,Female,62,HS-grad,Never-married,Private,Prof-specialty,23,Vietnam,442562,5097,3907,<=50K,MiddleAged,Asia
White,Male,20,HS-grad,Never-married,Self-emp-not-inc,Other-service,55,India,70901,3533,8281,>50K,YoungAdults,Asia
White,Male,57,HS-grad,Separated,Without-pay,Other-service,34,China,73390,4858,9527,>50K,MiddleAged,Asia
White,Male,53,HS-grad,Never-married,Private,Craft-repair,46,South,425420,6143,7314,>50K,MiddleAged,Asia
White,Female,22,Masters,Married-civ-spouse,Private,Prof-specialty,59,Vietnam,130167,9747,3946,<=50K,YoungAdults,Asia
White,Female,63,HS-grad,Never-married,Federal-gov,Machine-op-inspct,28,Japan,360095,4357,8569,<=50K,MiddleAged,Asia
White,Male,61,HS-grad,Married-civ-spouse,Never-worked,Sales,23,Vietnam,465153,9535,7842,>50K,MiddleAged,Asia
White,Female,48,Bachelors,Married-civ-spouse,Never-worked,Exec-managerial,44,Vietnam,357555,9765,6035,<=50K,Adults,Asia
White,Male,33,Bachelors,Widowed,Private,Exec-managerial,40,Philippines,191727,9721,4009,>50K,Adults,Asia
White,Male,34,HS-grad,Never-married,Private,Prof-specialty,41,South,22926,4746,3999,>50K,Adults,Asia
White,Male,29,HS-grad,Married-civ-spouse,Local-gov,Prof-specialty,26,Vietnam,226577,3292,9076,>50K,YoungAdults,Asia
White,Female,45,Bachelors,Married-civ-spouse,State-gov,Handlers-cleaners,49,South,332093,654,7035,<=50K,Adults,Asia
White,Female,56,Bachelors,Married-civ-spouse,Private,Exec-managerial,27,Philippines,439222,8563,5492,<=50K,MiddleAged,Asia
White,Male,45,Some-college,Married-civ-spouse,Private,Exec-managerial,31,Japan,272405,2127,8264,>50K,Adults,Asia
White,Female,63,Bachelors,Divorced,Self-emp-not-inc,Craft-repair,56,Philippines,398439,328,6382,<=50K,MiddleAged,Asia
White,Female,62,HS-grad,Married-civ-spouse,Private,Sales,55,South,487873,7302,8293,<=50K,MiddleAged,Asia
White,Male,55,HS-grad,Married-civ-spouse,Private,Exec-managerial,38,China,187572,7539,2714,>50K,MiddleAged,Asia
White,Female,42,Some-college,Never-married,State-gov,Sales,26,South,332565,3871,4606,<=50K,Adults,Asia
White,Male,61,HS-grad,Never-married,Private,Other-service,37,India,465753,1278,5351,>50K,MiddleAged,Asia
White,Female,66,HS-grad,Married-civ-spouse,Private,Other-service,37,Philippines,53732,4917,9247,<=50K,Senior,Asia
White,Male,19,Bachelors,Married-civ-spouse,Private,Prof-specialty,34,Japan,483354,1136,7511,>50K,YoungAdults,Asia
White,Female,50,Some-college,Married-civ-spouse,Private,Prof-specialty,55,Vietnam,83029,5506,9468,<=50K,MiddleAged,Asia
White,Male,68,11th,Married-civ-spouse,Self-emp-not-inc,Prof-specialty,51,Philippines,11624,9678,5356,>50K,Senior,Asia
White,Female,21,Bachelors,Never-married,Private,Other-service,45,Japan,379855,2740,5545,<=50K,YoungAdults,Asia
White,Male,23,HS-grad,Never-married,Federal-gov,Exec-managerial,45,China,159215,9431,7791,>50K,YoungAdults,Asia
White,Female,18,Assoc-voc,Widowed,Private,Machine-op-inspct,27,Philippines,27541,8572,6548,<=50K,YoungAdults,Asia
White,Female,27,HS-grad,Never-married,Private,Prof-specialty,50,China,499638,1303,9061,<=50K,YoungAdults,Asia
White,Female,37,Bachelors,Never-married,Private,Sales,52,Philippines,321744,561,7073,<=50K,Adults,Asia
White,Male,25,Assoc-voc,Never-married,Private,Handlers-cleaners,32,India,434243,2643,2508,>50K,YoungAdults,Asia
White,Male,68,Bachelors,Never-married,Private,Prof-specialty,50,Japan,344095,3077,5049,>50K,Senior,Asia
White,Male,31,HS-grad,Married-civ-spouse,Local-gov,Tech-support,29,Japan,409282,2446,6820,>50K,Adults,Asia
White,Male,37,11th,Never-married,Self-emp-not-inc,Sales,43,Vietnam,52797,7327,209,>50K,Adults,Asia
White,Male,23,HS-grad,Married-civ-spouse,Without-pay,Sales,49,China,458607,2288,4067,>50K,YoungAdults,Asia
White,Male,60,HS-grad,Never-married,Private,Exec-managerial,33,Philippines,275872,9280,3936,>50K,MiddleAged,Asia
White,Male,31,Some-college,Married-civ-spouse,Self-emp-not-inc,Other-service,36,Vietnam,169040,4016,2682,>50K,Adults,Asia
White,Female,45,HS-grad,Divorced,Private,Sales,33,Philippines,191260,7658,7352,<=50K,Adults,Asia
White,Male,34,Some-college,Married-civ-spouse,Private,Sales,21,South,489428,4781,1344,>50K,Adults,Asia
White,Male,22,HS-grad,Married-civ-spouse,State-gov,Sales,32,China,84643,5947,3378,>50K,YoungAdults,Asia
White,Male,25,HS-grad,Married-civ-spouse,Self-emp-not-inc,Exec-managerial,42,Philippines,374780,6488,2434,>50K,YoungAdults,Asia
White,Female,33,HS-grad,Married-civ-spouse,Private,Machine-op-inspct,51,Japan,486573,4001,4448,<=50K,Adults,Asia
White,Male,40,11th,Never-married,Private,Handlers-cleaners,60,Philippines,162095,1660,2699,>50K,Adults,Asia
White,Male,22,HS-grad,Married-civ-spouse,Self-emp-not-inc,Prof-specialty,60,Philippines,100092,9974,8570,>50K,YoungAdults,Asia
White,Male,20,HS-grad,Never-married,Self-emp-not-inc,Other-service,35,South,38092,9443,682,>50K,YoungAdults,Asia
White,Female,57,HS-grad,Never-married,Private,Craft-repair,51,Vietnam,102397,1055,872,<=50K,MiddleAged,Asia
White,Female,42,HS-grad,Divorced,Private,Prof-specialty,26,South,65408,4514,7214,<=50K,Adults,Asia
White,Female,36,Assoc-voc,Separated,Private,Prof-specialty,60,China,210206,1395,6638,<=50K,Adults,Asia
White,Male,19,Bachelors,Married-civ-spouse,Private,Prof-specialty,44,South,487355,6421,2183,>50K,YoungAdults,Asia
White,Female,23,Some-college,Married-civ-spouse,Private,Machine-op-inspct,41,China,104090,4395,8331,<=50K,YoungAdults,Asia
White,Female,44,Some-college,Married-civ-spouse,Local-gov,Exec-managerial,21,Japan,288419,3277,3349,<=50K,Adults,Asia
White,Male,28,Bachelors,Never-married,Self-emp-not-inc,Machine-op-inspct,57,Vietnam,386962,8403,3537,>50K,YoungAdults,Asia
White,Female,62,Some-college,Married-civ-spouse,Private,Other-service,20,Philippines,26394,6932,9392,<=50K,MiddleAged,Asia
White,Female,21,HS-grad,Never-married,Private,Other-service,48,South,128722,9659,9265,<=50K,YoungAdults,Asia
White,Male,64,Bachelors,Never-married,Without-pay,Exec-managerial,55,India,442215,7239,1702,>50K,MiddleAged,Asia
White,Female,23,Some-college,Never-married,Local-gov,Tech-support,50,Vietnam,286757,8693,6827,<=50K,YoungAdults,Asia
White,Female,28,Assoc-acdm,Never-married,Private,Craft-repair,49,Japan,173309,2172,86,<=50K,YoungAdults,Asia
White,Female,57,11th,Married-civ-spouse,Self-emp-not-inc,Other-service,27,Japan,63959,7615,6280,<=50K,MiddleAged,Asia
White,Male,23,Bachelors,Married-civ-spouse,Private,Exec-managerial,30,Japan,425914,9937,402,>50K,YoungAdults,Asia
White,Male,18,11th,Married-civ-spouse,Private,Prof-specialty,25,China,398795,3599,2232,>50K,YoungAdults,Asia
White,Female,22,Some-college,Divorced,Private,Tech-support,24,China,201922,7823,8992,<=50K,YoungAdults,Asia
White,Male,61,HS-grad,Married-civ-spouse,Private,Sales,51,China,487485,8608,2498,>50K,MiddleAged,Asia
White,Male,26,11th,Married-civ-spouse,State-gov,Sales,60,Philippines,121915,3704,2788,>50K,YoungAdults,Asia
White,Male,43,11th,Separated,Self-emp-not-inc,Craft-repair,25,Japan,189907,3038,9015,>50K,Adults,Asia
White,Male,57,11th,Separated,Private,Other-service,40,South,11538,5276,7556,>50K,MiddleAged,Asia
White,Male,40,HS-grad,Separated,Private,Craft-repair,36,China,21296,9045,8993,>50K,Adults,Asia
White,Female,35,HS-grad,Never-married,Private,Exec-managerial,39,Vietnam,374127,1037,7958,<=50K,Adults,Asia
White,Female,39,HS-grad,Never-married,Self-emp-not-inc,Other-service,48,Philippines,306117,4040,8333,<=50K,Adults,Asia
White,Female,58,HS-grad,Married-civ-spouse,Self-emp-not-inc,Exec-managerial,44,Japan,50210,6924,8227,<=50K,MiddleAged,Asia
White,Male,28,Some-college,Divorced,Private,Machine-op-inspct,33,Vietnam,409104,7473,9629,>50K,YoungAdults,Asia
White,Female,42,11th,Married-civ-spouse,Private,Exec-managerial,50,Japan,150309,342,9545,<=50K,Adults,Asia
White,Female,62,Some-college,Married-civ-spouse,Private,Craft-repair,40,China,371616,7035,1346,<=50K,MiddleAged,Asia
White,Male,49,11th,Never-married,Private,Exec-managerial,26,India,302507,9408,7843,>50K,Adults,Asia
White,Female,57,HS-grad,Never-married,Private,Exec-managerial,34,Philippines,426772,7486,5628,<=50K,MiddleAged,Asia
White,Female,28,Bachelors,Married-civ-spouse,Self-emp-not-inc,Sales,59,Vietnam,499335,3720,7374,<=50K,YoungAdults,Asia
White,Male,31,Bachelors,Married-civ-spouse,Local-gov,Exec-managerial,51,Japan,153271,998,9346,>50K,Adults,Asia
White,Male,37,11th,Divorced,Private,Other-service,45,South,186618,1541,6758,>50K,Adults,Asia
White,Male,42,Some-college,Never-married,Private,Prof-specialty,23,China,310116,5585,6365,>50K,Adults,Asia
White,Female,43,HS-grad,Never-married,Private,Other-service,46,Vietnam,483744,3954,2542,<=50K,Adults,Asia
White,Female,60,Masters,Never-married,Never-worked,Tech-support,28,India,136114,7426,6580,<=50K,MiddleAged,Asia
White,Female,29,Some-college,Widowed,Private,Prof-specialty,39,India,244528,9840,4815,<=50K,YoungAdults,Asia
White,Female,51,HS-grad,Divorced,Private,Other-service,53,China,411591,2802,2281,<=50K,MiddleAged,Asia
White,Female,21,Some-college,Widowed,Private,Other-service,48,Vietnam,35717,1732,9936,<=50K,YoungAdults,Asia
White,Female,42,Some-college,Never-married,Private,Machine-op-inspct,54,China,216124,5247,4679,<=50K,Adults,Asia
White,Male,30,Assoc-voc,Married-civ-spouse,Private,Prof-specialty,58,India,83006,4775,9564,>50K,Adults,Asia
White,Male,65,Some-college,Married-civ-spouse,State-gov,Other-service,34,Vietnam,458404,9571,1083,>50K,Senior,Asia
White,Male,33,HS-grad,Married-civ-spouse,Private,Exec-managerial,58,India,381638,4690,4586,>50K,Adults,Asia
White,Female,57,HS-grad,Married-civ-spouse,Self-emp-not-inc,Tech-support,25,Japan,385235,9239,3080,<=50K,MiddleAged,Asia
White,Female,34,HS-grad,Never-married,Without-pay,Prof-specialty,21,India,12251,3004,3010,<=50K,Adults,Asia
White,Male,69,HS-grad,Never-married,Private,Exec-managerial,41,Vietnam,286765,6821,8432,>50K,Senior,Asia
White,Male,22,HS-grad,Married-civ-spouse,Private,Exec-managerial,31,Philippines,305608,4299,3470,>50K,YoungAdults,Asia
White,Female,37,HS-grad,Never-married,Private,Tech-support,20,India,212832,1577,163,<=50K,Adults,Asia
White,Female,48,HS-grad,Never-married,State-gov,Tech-support,29,Vietnam,412578,1983,5576,<=50K,Adults,Asia
White,Female,42,Some-college,Never-married,Self-emp-not-inc,Machine-op-inspct,42,China,263545,3565,1686,<=50K,Adults,Asia
White,Female,60,11th,Never-married,State-gov,Prof-specialty,26,Vietnam,76900,5477,1296,<=50K,MiddleAged,Asia
White,Male,42,Assoc-acdm,Divorced,Private,Exec-managerial,50,India,415011,8989,194,>50K,Adults,Asia
White,Male,20,Masters,Married-civ-spouse,Private,Tech-support,56,India,187695,8008,7456,>50K,YoungAdults,Asia
White,Male,47,Some-college,Never-married,Private,Exec-managerial,60,China,44359,9210,6251,>50K,Adults,Asia
White,Male,46,11th,Widowed,Private,Handlers-cleaners,38,China,395849,6353,9217,>50K,Adults,Asia
White,Female,66,Bachelors,Divorced,Never-worked,Other-service,57,India,382847,9530,3560,<=50K,Senior,Asia
White,Female,36,11th,Married-civ-spouse,Private,Sales,52,Philippines,56546,4707,3991,<=50K,Adults,Asia
White,Male,61,11th,Never-married,Private,Prof-specialty,44,South,54785,2954,8148,>50K,MiddleAged,Asia
White,Female,20,Assoc-acdm,Divorced,Federal-gov,Exec-managerial,53,Japan,193144,1461,4806,<=50K,YoungAdults,Asia
White,Male,62,HS-grad,Married-civ-spouse,Local-gov,Tech-support,45,South,425159,9549,2345,>50K,MiddleAged,Asia
White,Female,36,HS-grad,Married-civ-spouse,Without-pay,Prof-specialty,56,South,478880,2932,16,<=50K,Adults,Asia
White,Female,67,Assoc-acdm,Separated,State-gov,Handlers-cleaners,49,China,474247,1206,3328,<=50K,Senior,Asia
White,Female,26,Some-college,Married-civ-spouse,Without-pay,Machine-op-inspct,42,India,343252,1784,1097,<=50K,YoungAdults,Asia
White,Female,35,HS-grad,Married-civ-spouse,Private,Handlers-cleaners,59,Vietnam,59285,3057,9847,<=50K,Adults,Asia
White,Female,66,HS-grad,Widowed,Private,Exec-managerial,39,Vietnam,426414,2703,4424,<=50K,Senior,Asia
White,Female,30,Bachelors,Married-civ-spouse,Private,Prof-specialty,37,India,333361,461,1361,<=50K,Adults,Asia
White,Female,24,HS-grad,Married-civ-spouse,State-gov,Exec-managerial,43,South,133274,2133,8864,<=50K,YoungAdults,Asia
White,Male,65,11th,Married-civ-spouse,Private,Exec-managerial,49,Vietnam,496950,6696,1103,>50K,Senior,Asia
White,Male,30,HS-grad,Married-civ-spouse,Private,Sales,35,Vietnam,249446,5670,7167,>50K,Adults,Asia
White,Female,45,HS-grad,Married-civ-spouse,Private,Craft-repair,39,Vietnam,306509,2513,3779,<=50K,Adults,Asia
White,Female,56,11th,Divorced,Private,Craft-repair,23,India,292047,7130,5032,<=50K,MiddleAged,Asia
White,Male,37,HS-grad,Married-civ-spouse,Private,Handlers-cleaners,49,Vietnam,385264,4825,9627,>50K,Adults,Asia
White,Female,56,Bachelors,Never-married,Private,Other-service,54,India,362707,1077,8560,<=50K,MiddleAged,Asia
White,Female,56,Assoc-acdm,Married-civ-spouse,Private,Prof-specialty,21,South,286268,6115,5216,<=50K,MiddleAged,Asia
White,Female,25,Assoc-voc,Never-married,Self-emp-not-inc,Machine-op-inspct,20,Vietnam,229850,4198,5729,<=50K,YoungAdults,Asia
White,Male,41,HS-grad,Married-civ-spouse,Without-pay,Handlers-cleaners,38,India,148157,2820,9547,>50K,Adults,Asia
White,Female,66,Bachelors,Never-married,Private,Tech-support,34,South,65010,6230,5370,<=50K,Senior,Asia
White,Female,42,HS-grad,Married-civ-spouse,Private,Exec-managerial,28,India,128582,1048,3651,<=50K,Adults,Asia
White,Male,31,Some-college,Never-married,Local-gov,Craft-repair,49,India,146776,4475,5481,>50K,Adults,Asia
White,Male,40,HS-grad,Never-married,Private,Exec-managerial,39,India,131854,6573,1352,>50K,Adults,Asia
White,Male,33,11th,Never-married,Private,Handlers-cleaners,50,Philippines,230257,4911,4501,>50K,Adults,Asia
White,Female,28,Doctorate,Never-married,Private,Exec-managerial,59,Japan,106097,9414,5922,<=50K,YoungAdults,Asia
White,Male,38,Bachelors,Married-civ-spouse,Private,Craft-repair,47,South,77722,266,3996,>50K,Adults,Asia
White,Female,19,Assoc-acdm,Separated,Private,Sales,22,China,489162,6533,9052,<=50K,YoungAdults,Asia
White,Male,35,HS-grad,Married-civ-spouse,Private,Exec-managerial,58,South,135198,4061,518,>50K,Adults,Asia
White,Female,60,11th,Married-civ-spouse,Private,Other-service,60,Philippines,253882,1846,8408,<=50K,MiddleAged,Asia
White,Female,68,HS-grad,Married-civ-spouse,Private,Exec-managerial,41,India,369606,3171,3045,<=50K,Senior,Asia
White,Male,46,Bachelors,Never-married,Private,Other-service,39,Vietnam,425572,2443,6010,>50K,Adults,Asia
White,Male,64,HS-grad,Married-civ-spouse,Private,Craft-repair,58,South,300853,6898,7928,>50K,MiddleAged,Asia
White,Female,21,11th,Married-civ-spouse,Private,Handlers-cleaners,21,Japan,81225,3741,1991,<=50K,YoungAdults,Asia
White,Female,28,Assoc-voc,Divorced,Private,Craft-repair,57,Philippines,163678,285,3339,<=50K,YoungAdults,Asia
White,Female,22,11th,Widowed,Private,Machine-op-inspct,48,India,247820,3595,8132,<=50K,YoungAdults,Asia
White,Male,22,HS-grad,Never-married,Self-emp-not-inc,Sales,30,Vietnam,24549,3826,8658,>50K,YoungAdults,Asia
White,Female,35,11th,Married-civ-spouse,Private,Exec-managerial,35,China,72757,1961,5283,<=50K,Adults,Asia
White,Male,62,Some-college,Never-married,State-gov,Prof-specialty,34,South,368343,2764,9260,>50K,MiddleAged,Asia
White,Male,38,Assoc-acdm,Married-civ-spouse,Local-gov,Handlers-cleaners,26,South,291327,4342,8119,>50K,Adults,Asia
White,Female,40,Assoc-voc,Married-civ-spouse,Never-worked,Exec-managerial,20,Vietnam,205417,4911,2380,<=50K,Adults,Asia
White,Female,69,Some-college,Never-married,Private,Other-service,28,Philippines,143168,5660,2215,<=50K,Senior,Asia
White,Female,59,Some-college,Married-civ-spouse,State-gov,Tech-support,42,Japan,71465,9213,6208,<=50K,MiddleAged,Asia
White,Female,64,Bachelors,Married-civ-spouse,State-gov,Handlers-cleaners,49,China,25270,8673,104,<=50K,MiddleAged,Asia
White,Female,22,HS-grad,Never-married,Self-emp-not-inc,Tech-support,41,India,391100,981,4225,<=50K,YoungAdults,Asia
White,Female,33,Bachelors,Married-civ-spouse,Private,Machine-op-inspct,38,India,433132,797,9180,<=50K,Adults,Asia
White,Female,33,HS-grad,Divorced,State-gov,Machine-op-inspct,31,India,322948,7467,6515,<=50K,Adults,Asia
White,Female,45,HS-grad,Never-married,Private,Exec-managerial,59,South,188496,821,4203,<=50K,Adults,Asia
White,Male,67,HS-grad,Married-civ-spouse,Local-gov,Other-service,32,South,355744,5992,1570,>50K,Senior,Asia
White,Female,31,Assoc-voc,Married-civ-spouse,Private,Tech-support,46,Philippines,330720,9970,2650,<=50K,Adults,Asia
White,Male,50,HS-grad,Never-married,Private,Sales,43,Vietnam,389073,3411,8743,>50K,MiddleAged,Asia
White,Female,57,Bachelors,Married-civ-spouse,Self-emp-not-inc,Exec-managerial,23,South,283242,1092,2378,<=50K,MiddleAged,Asia
White,Male,44,HS-grad,Never-married,Private,Prof-specialty,53,China,57419,8168,7025,>50K,Adults,Asia
White,Female,64,HS-grad,Never-married,Never-worked,Tech-support,38,China,428161,4087,5045,<=50K,MiddleAged,Asia
White,Female,34,Bachelors,Widowed,Private,Other-service,47,India,207411,4596,9948,<=50K,Adults,Asia
White,Female,21,Some-college,Divorced,State-gov,Machine-op-inspct,57,India,169394,2628,8657,<=50K,YoungAdults,Asia
White,Male,69,HS-grad,Married-civ-spouse,Private,Prof-specialty,44,Japan,269762,6821,1635,>50K,Senior,Asia
White,Male,64,HS-grad,Never-married,Private,Machine-op-inspct,25,South,321946,7200,3519,>50K,MiddleAged,Asia
White,Male,41,Assoc-voc,Married-civ-spouse,Private,Exec-managerial,27,Vietnam,226033,6014,2243,>50K,Adults,Asia
White,Male,38,Some-college,Divorced,Self-emp-not-inc,Sales,49,Philippines,393726,5400,7275,>50K,Adults,Asia
White,Male,39,Masters,Never-married,Private,Craft-repair,53,China,386229,2609,4016,>50K,Adults,Asia
White,Female,48,Assoc-acdm,Separated,Local-gov,Tech-support,47,Japan,165777,1447,9678,<=50K,Adults,Asia
White,Female,24,HS-grad,Widowed,Private,Exec-managerial,31,India,155840,2906,5415,<=50K,YoungAdults,Asia
White,Female,42,11th,Never-married,Self-emp-not-inc,Exec-managerial,22,South,349687,6153,4296,<=50K,Adults,Asia
White,Female,37,HS-grad,Married-civ-spouse,Private,Handlers-cleaners,49,Vietnam,104467,5435,9252,<=50K,Adults,Asia
White,Female,66,Assoc-acdm,Widowed,Private,Sales,60,Philippines,419080,7953,5534,<=50K,Senior,Asia
White,Male,26,Some-college,Married-civ-spouse,Local-gov,Craft-repair,52,South,224241,311,8868,>50K,YoungAdults,Asia
White,Female,24,Some-college,Married-civ-spouse,Private,Machine-op-inspct,49,Japan,139840,7567,5741,<=50K,YoungAdults,Asia
White,Male,26,HS-grad,Never-married,State-gov,Other-service,32,India,492688,7894,6992,>50K,YoungAdults,Asia
White,Female,29,Bachelors,Divorced,State-gov,Exec-managerial,42,Philippines,83738,6034,1408,<=50K,YoungAdults,Asia
White,Female,67,Some-college,Married-civ-spouse,Private,Craft-repair,42,China,485064,934,3747,<=50K,Senior,Asia
White,Male,34,Some-college,Married-civ-spouse,Private,Prof-specialty,30,India,369875,1053,4367,>50K,Adults,Asia
White,Male,51,Masters,Married-civ-spouse,Private,Other-service,59,China,90772,4716,6325,>50K,MiddleAged,Asia
White,Female,24,HS-grad,Never-married,Private,Sales,26,South,349421,347,6169,<=50K,YoungAdults,Asia
White,Male,60,Bachelors,Never-married,Private,Sales,37,Vietnam,351677,295,2916,>50K,MiddleAged,Asia
White,Male,59,Bachelors,Married-civ-spouse,Private,Exec-managerial,23,Japan,236984,5626,3235,>50K,MiddleAged,Asia
White,Female,52,Bachelors,Married-civ-spouse,Without-pay,Exec-managerial,46,China,284456,7988,123,<=50K,MiddleAged,Asia
White,Male,67,Some-college,Married-civ-spouse,State-gov,Prof-specialty,36,India,156412,6577,7411,>50K,Senior,Asia
White,Female,27,HS-grad,Widowed,State-gov,Tech-support,53,China,228997,8392,4804,<=50K,YoungAdults,Asia
White,Male,21,HS-grad,Divorced,Private,Other-service,25,China,202438,4810,5329,>50K,YoungAdults,Asia
White,Female,27,HS-grad,Separated,Private,Exec-managerial,51,Japan,273431,2392,5849,<=50K,YoungAdults,Asia
White,Male,27,Some-college,Divorced,Private,Craft-repair,31,Japan,235996,9163,9254,>50K,YoungAdults,Asia
White,Female,37,11th,Married-civ-spouse,Private,Other-service,20,South,373540,5243,4405,<=50K,Adults,Asia
White,Female,47,HS-grad,Married-civ-spouse,Private,Other-service,20,Vietnam,282156,8127,3080,<=50K,Adults,Asia
White,Male,38,Masters,Never-married,Private,Sales,49,South,166769,884,344,>50K,Adults,Asia
White,Male,30,Bachelors,Married-civ-spouse,Private,Exec-managerial,33,Japan,68320,3628,6253,>50K,Adults,Asia
White,Female,38,HS-grad,Married-civ-spouse,Private,Sales,21,Vietnam,156853,7715,7571,<=50K,Adults,Asia
White,Male,56,HS-grad,Never-married,Private,Other-service,37,Japan,86572,1730,5749,>50K,MiddleAged,Asia
White,Female,26,Assoc-acdm,Never-married,Private,Prof-specialty,27,India,73648,6550,6432,<=50K,YoungAdults,Asia
White,Male,59,Some-college,Never-married,Private,Handlers-cleaners,20,South,412047,76,9316,>50K,MiddleAged,Asia
White,Male,41,Some-college,Married-civ-spouse,Private,Handlers-cleaners,27,Japan,58386,1004,3638,>50K,Adults,Asia
White,Male,43,11th,Never-married,Private,Sales,56,China,164378,9912,224,>50K,Adults,Asia
White,Male,54,Some-college,Never-married,Local-gov,Other-service,37,Japan,222843,3704,1546,>50K,MiddleAged,Asia
White,Male,51,Some-college,Married-civ-spouse,Private,Exec-managerial,23,Vietnam,302081,2635,1301,>50K,MiddleAged,Asia