race,gender,age,education,marital_status,work_class,occupation,hours_per_week,native_country,fnlwgt,capital_gain,capital_loss,income,agegroup,continent
Asian-Pac-Islander,Female,64,Bachelors,Married-civ-spouse,Local-gov,Exec-managerial,48,Japan,160730,6181,7857,<=50K,MiddleAged,Asia
Asian-Pac-Islander,Female,66,Some-college,Married-civ-spouse,Private,Machine-op-inspct,59,India,333331,587,2638,<=50K,Senior,Asia
Asian-Pac-Islander,Female,60,Bachelors,Never-married,Private,Craft-repair,26,Vietnam,357414,5848,7559,<=50K,MiddleAged,Asia
Asian-Pac-Islander,Female,61,HS-grad,Married-civ-spouse,Private,Machine-op-inspct,24,South,75375,8904,6547,<=50K,MiddleAged,Asia
Asian-Pac-Islander,Female,23,11th,Never-married,Self-emp-not-inc,Prof-specialty,30,Japan,153360,2904,9937,<=50K,YoungAdults,Asia
Asian-Pac-Islander,Female,37,11th,Married-civ-spouse,State-gov,Handlers-cleaners,50,Vietnam,288558,9923,1425,<=50K,Adults,Asia
Asian-Pac-Islander,Female,51,HS-grad,Never-married,Self-emp-not-inc,Tech-support,23,India,271604,8918,2850,<=50K,MiddleAged,Asia
Asian-Pac-Islander,Female,29,Some-college,Never-married,State-gov,Exec-managerial,43,Vietnam,395175,4224,8232,<=50K,YoungAdults,Asia
Asian-Pac-Islander,Female,40,11th,Never-married,Private,Exec-managerial,60,India,498030,3145,5515,<=50K,Adults,Asia
Asian-Pac-Islander,Female,63,HS-grad,Never-married,Private,Prof-specialty,36,China,64282,8712,9009,<=50K,MiddleAged,Asia
Asian-Pac-Islander,Female,68,Bachelors,Widowed,Private,Sales,36,Japan,408354,8028,4484,<=50K,Senior,Asia
Asian-Pac-Islander,Female,19,Assoc-acdm,Divorced,Private,Sales,30,United-States,93720,6388,1095,<=50K,YoungAdults,NorthAmerica
Asian-Pac-Islander,Female,52,Some-college,Never-married,Private,Machine-op-inspct,21,Vietnam,434529,1128,7089,<=50K,MiddleAged,Asia
Asian-Pac-Islander,Female,41,Bachelors,Married-civ-spouse,Private,Machine-op-inspct,24,South,254930,4692,9233,<=50K,Adults,Asia
Asian-Pac-Islander,Female,38,Some-college,Married-civ-spouse,Private,Craft-repair,20,South,255982,6845,1759,<=50K,Adults,Asia
Asian-Pac-Islander,Female,46,HS-grad,Married-civ-spouse,Private,Sales,47,China,146149,1026,311,<=50K,Adults,Asia
Asian-Pac-Islander,Female,57,HS-grad,Married-civ-spouse,Private,Tech-support,40,Vietnam,240201,4755,6854,<=50K,MiddleAged,Asia
Asian-Pac-Islander,Female,47,Masters,Married-civ-spouse,Private,Other-service,44,Philippines,16776,9099,9845,<=50K,Adults,Asia
Asian-Pac-Islander,Female,19,Bachelors,Married-civ-spouse,Private,Craft-repair,30,Vietnam,34063,766,3070,<=50K,YoungAdults,Asia
Asian-Pac-Islander,Female,61,HS-grad,Separated,Private,Machine-op-inspct,58,United-States,381055,4241,5497,<=50K,MiddleAged,NorthAmerica
Asian-Pac-Islander,Female,57,Some-college,Married-civ-spouse,Private,Other-service,42,India,26578,5822,352,<=50K,MiddleAged,Asia
Asian-Pac-Islander,Female,30,Some-college,Never-married,Private,Prof-specialty,24,South,160582,7344,2768,<=50K,Adults,Asia
Asian-Pac-Islander,Female,29,Masters,Married-civ-spouse,Self-emp-not-inc,Prof-specialty,31,Philippines,82468,6592,9311,<=50K,YoungAdults,Asia
Asian-Pac-Islander,Female,22,11th,Divorced,State-gov,Sales,55,United-States,378048,1967,3145,<=50K,YoungAdults,NorthAmerica
Asian-Pac-Islander,Female,56,11th,Never-married,Without-pay,Prof-specialty,26,South,54327,4166,1703,<=50K,MiddleAged,Asia
Asian-Pac-Islander,Female,68,Masters,Never-married,Private,Machine-op-inspct,57,Vietnam,375318,4814,1135,<=50K,Senior,Asia
Asian-Pac-Islander,Female,24,Some-college,Married-civ-spouse,Private,Prof-specialty,40,China,397707,2415,9010,<=50K,YoungAdults,Asia
Asian-Pac-Islander,Female,27,HS-grad,Divorced,Private,Tech-support,33,Philippines,112220,7886,1617,<=50K,YoungAdults,Asia
Asian-Pac-Islander,Female,26,Masters,Married-civ-spouse,State-gov,Craft-repair,20,Philippines,136936,4928,838,<=50K,YoungAdults,Asia
Asian-Pac-Islander,Female,47,Some-college,Never-married,Private,Sales,37,Vietnam,11165,6782,3818,<=50K,Adults,Asia
Asian-Pac-Islander,Female,42,Masters,Never-married,Federal-gov,Prof-specialty,40,South,155110,4896,2165,<=50K,Adults,Asia
Asian-Pac-Islander,Female,23,HS-grad,Widowed,Private,Handlers-cleaners,34,United-States,460002,4708,9862,<=50K,YoungAdults,NorthAmerica
Asian-Pac-Islander,Female,59,11th,Married-civ-spouse,Private,Prof-specialty,37,Vietnam,223622,7788,7429,<=50K,MiddleAged,Asia
Asian-Pac-Islander,Female,70,Some-college,Never-married,Private,Other-service,26,Japan,416450,8633,1493,<=50K,Senior,Asia
Asian-Pac-Islander,Female,66,11th,Married-civ-spouse,Private,Tech-support,21,China,278866,2168,6854,<=50K,Senior,Asia
Asian-Pac-Islander,Female,40,HS-grad,Married-civ-spouse,Never-worked,Craft-repair,39,South,394354,7075,661,<=50K,Adults,Asia
Asian-Pac-Islander,Female,55,HS-grad,Married-civ-spouse,Private,Exec-managerial,32,United-States,253420,4500,5626,<=50K,MiddleAged,NorthAmerica
Asian-Pac-Islander,Female,56,HS-grad,Married-civ-spouse,Private,Exec-managerial,47,China,127519,4856,9760,<=50K,MiddleAged,Asia
Asian-Pac-Islander,Female,52,Some-college,Married-civ-spouse,State-gov,Sales,25,South,113596,1126,3038,<=50K,MiddleAged,Asia
Asian-Pac-Islander,Female,43,HS-grad,Never-married,Self-emp-not-inc,Sales,41,China,182870,4178,3963,<=50K,Adults,Asia
Asian-Pac-Islander,Female,49,Assoc-acdm,Widowed,Private,Tech-support,60,China,176452,4166,550,<=50K,Adults,Asia
Asian-Pac-Islander,Female,70,Assoc-acdm,Divorced,Private,Handlers-cleaners,36,China,270723,645,6728,<=50K,Senior,Asia
Asian-Pac-Islander,Female,69,Masters,Never-married,Private,Tech-support,32,Japan,228580,8521,3404,<=50K,Senior,Asia
Asian-Pac-Islander,Female,38,Some-college,Separated,Private,Craft-repair,51,Japan,430291,6548,9980,<=50K,Adults,Asia
Asian-Pac-Islander,Female,26,Some-college,Widowed,Private,Sales,40,Philippines,392659,981,6518,<=50K,YoungAdults,Asia
Asian-Pac-Islander,Female,50,Some-college,Married-civ-spouse,Never-worked,Prof-specialty,53,Vietnam,268104,597,3145,<=50K,MiddleAged,Asia
Asian-Pac-Islander,Female,32,HS-grad,Never-married,Private,Exec-managerial,58,South,236725,5711,4448,<=50K,Adults,Asia
Asian-Pac-Islander,Female,64,Bachelors,Never-married,Private,Sales,42,Japan,391953,9859,2233,<=50K,MiddleAged,Asia
Asian-Pac-Islander,Female,44,Some-college,Never-married,State-gov,Handlers-cleaners,22,China,373603,961,1497,<=50K,Adults,Asia
Asian-Pac-Islander,Female,54,HS-grad,Never-married,Private,Prof-specialty,34,Philippines,373924,974,854,<=50K,MiddleAged,Asia
Asian-Pac-Islander,Female,40,Some-college,Married-civ-spouse,Self-emp-not-inc,Sales,35,Vietnam,17304,6440,3287,<=50K,Adults,Asia
Asian-Pac-Islander,Female,43,Some-college,Married-civ-spouse,Private,Exec-managerial,48,South,251398,1814,9071,<=50K,Adults,Asia
Asian-Pac-Islander,Female,42,HS-grad,Married-civ-spouse,Private,Craft-repair,45,India,494090,5508,1596,<=50K,Adults,Asia
Asian-Pac-Islander,Female,55,Bachelors,Married-civ-spouse,Private,Prof-specialty,39,South,40098,6866,1784,<=50K,MiddleAged,Asia
Asian-Pac-Islander,Female,25,Assoc-acdm,Married-civ-spouse,Private,Tech-support,53,India,377326,2079,2120,<=50K,YoungAdults,Asia
Asian-Pac-Islander,Female,57,Assoc-voc,Married-civ-spouse,Private,Exec-managerial,40,United-States,255717,2415,4470,<=50K,MiddleAged,NorthAmerica
Asian-Pac-Islander,Female,40,HS-grad,Never-married,Self-emp-not-inc,Other-service,54,Vietnam,396010,4155,2188,<=50K,Adults,Asia
Asian-Pac-Islander,Female,26,Bachelors,Married-civ-spouse,Private,Prof-specialty,60,United-States,174064,5199,4155,<=50K,YoungAdults,NorthAmerica
Asian-Pac-Islander,Female,50,Bachelors,Married-civ-spouse,Private,Exec-managerial,46,Philippines,154622,8783,7096,<=50K,MiddleAged,Asia
Asian-Pac-Islander,Female,44,Some-college,Never-married,Private,Prof-specialty,52,South,65254,8170,2723,<=50K,Adults,Asia
Asian-Pac-Islander,Female,62,Doctorate,Never-married,Local-gov,Machine-op-inspct,35,India,375503,6150,3400,<=50K,MiddleAged,Asia
Asian-Pac-Islander,Female,47,Some-college,Married-civ-spouse,Private,Exec-managerial,52,China,166685,4134,7600,<=50K,Adults,Asia
Asian-Pac-Islander,Female,58,Bachelors,Married-civ-spouse,Federal-gov,Prof-specialty,24,China,356885,7083,6337,<=50K,MiddleAged,Asia
Asian-Pac-Islander,Female,43,HS-grad,Divorced,Private,Handlers-cleaners,35,India,279926,3365,3050,<=50K,Adults,Asia
Asian-Pac-Islander,Female,37,Assoc-voc,Never-married,Private,Other-service,20,China,169565,6473,9466,<=50K,Adults,Asia
Asian-Pac-Islander,Female,35,Some-college,Never-married,Private,Other-service,38,United-States,297507,908,3408,<=50K,Adults,NorthAmerica
Asian-Pac-Islander,Female,58,HS-grad,Married-civ-spouse,Private,Craft-repair,41,China,119279,5543,8345,<=50K,MiddleAged,Asia
Asian-Pac-Islander,Female,32,Masters,Married-civ-spouse,Private,Other-service,32,China,31721,6223,6594,<=50K,Adults,Asia
Asian-Pac-Islander,Female,43,Masters,Married-civ-spouse,Local-gov,Prof-specialty,25,Japan,278158,9486,4931,<=50K,Adults,Asia
Asian-Pac-Islander,Female,69,HS-grad,Widowed,Private,Sales,40,Japan,253775,6379,6608,<=50K,Senior,Asia
Asian-Pac-Islander,Female,36,HS-grad,Married-civ-spouse,Private,Craft-repair,36,Philippines,331069,7305,1357,<=50K,Adults,Asia
Asian-Pac-Islander,Female,41,11th,Never-married,Private,Craft-repair,48,United-States,282667,6795,5267,<=50K,Adults,NorthAmerica
Asian-Pac-Islander,Female,53,11th,Married-civ-spouse,State-gov,Exec-managerial,31,Philippines,338544,6808,8404,<=50K,MiddleAged,Asia
Asian-Pac-Islander,Female,34,HS-grad,Married-civ-spouse,Private,Craft-repair,51,Philippines,189538,2035,88,<=50K,Adults,Asia
Asian-Pac-Islander,Female,27,Bachelors,Married-civ-spouse,Without-pay,Sales,33,India,204743,2307,4130,<=50K,YoungAdults,Asia
Asian-Pac-Islander,Female,70,HS-grad,Married-civ-spouse,State-gov,Craft-repair,40,China,51782,7053,7678,<=50K,Senior,Asia
Asian-Pac-Islander,Female,24,Some-college,Separated,Private,Handlers-cleaners,38,China,25679,692,508,<=50K,YoungAdults,Asia
Asian-Pac-Islander,Female,42,Assoc-acdm,Never-married,State-gov,Craft-repair,51,United-States,128104,2336,4151,<=50K,Adults,NorthAmerica
Asian-Pac-Islander,Female,43,Some-college,Never-married,Private,Craft-repair,53,Japan,119875,631,308,<=50K,Adults,Asia
Asian-Pac-Islander,Female,64,Some-college,Married-civ-spouse,Never-worked,Machine-op-inspct,57,India,247316,6253,3382,<=50K,MiddleAged,Asia
Asian-Pac-Islander,Female,24,Some-college,Never-married,Private,Sales,43,China,419019,748,6048,<=50K,YoungAdults,Asia
Asian-Pac-Islander,Female,24,Masters,Never-married,Private,Craft-repair,38,Japan,237894,8239,7904,<=50K,YoungAdults,Asia
Asian-Pac-Islander,Female,69,HS-grad,Married-civ-spouse,Local-gov,Craft-repair,26,Philippines,455476,8231,8532,<=50K,Senior,Asia
Asian-Pac-Islander,Female,48,Bachelors,Married-civ-spouse,Private,Handlers-cleaners,40,Philippines,27026,5788,1910,<=50K,Adults,Asia
Asian-Pac-Islander,Female,29,Some-college,Married-civ-spouse,Private,Exec-managerial,58,China,269884,5681,2046,<=50K,YoungAdults,Asia
Asian-Pac-Islander,Female,64,HS-grad,Never-married,Local-gov,Handlers-cleaners,46,Vietnam,197759,1989,9040,<=50K,MiddleAged,Asia
Asian-Pac-Islander,Female,21,Bachelors,Never-married,Local-gov,Sales,40,China,357860,3453,2877,<=50K,YoungAdults,Asia
Asian-Pac-Islander,Female,33,Masters,Married-civ-spouse,Without-pay,Tech-support,43,South,366896,3974,5725,<=50K,Adults,Asia
Asian-Pac-Islander,Female,22,Bachelors,Never-married,Local-gov,Machine-op-inspct,56,Vietnam,96368,9281,4491,<=50K,YoungAdults,Asia
Asian-Pac-Islander,Female,69,Masters,Divorced,Local-gov,Exec-managerial,40,Vietnam,362722,7604,8636,<=50K,Senior,Asia
Asian-Pac-Islander,Female,50,Assoc-voc,Married-civ-spouse,Private,Exec-managerial,38,South,114078,1248,5849,<=50K,MiddleAged,Asia
Asian-Pac-Islander,Female,52,Bachelors,Married-civ-spouse,Private,Exec-managerial,51,India,233427,4212,1505,<=50K,MiddleAged,Asia
Asian-Pac-Islander,Female,30,Some-college,Married-civ-spouse,Private,Craft-repair,48,China,47304,7004,3665,<=50K,Adults,Asia
Asian-Pac-Islander,Female,32,HS-grad,Divorced,Private,Machine-op-inspct,42,Vietnam,317299,6225,6004,<=50K,Adults,Asia
Asian-Pac-Islander,Female,63,Some-college,Married-civ-spouse,Private,Craft-repair,56,India,143555,5348,9157,<=50K,MiddleAged,Asia
Asian-Pac-Islander,Female,24,HS-grad,Divorced,Private,Other-service,53,China,436895,7517,7873,<=50K,YoungAdults,Asia
Asian-Pac-Islander,Female,45,Some-college,Married-civ-spouse,Private,Tech-support,59,India,173180,9731,2970,<=50K,Adults,Asia
Asian-Pac-Islander,Female,62,Some-college,Married-civ-spouse,Self-emp-not-inc,Other-service,51,United-States,223145,2375,3184,<=50K,MiddleAged,NorthAmerica
Asian-Pac-Islander,Female,18,Doctorate,Married-civ-spouse,Private,Other-service,38,India,473478,5571,9733,<=50K,YoungAdults,Asia
Asian-Pac-Islander,Female,18,Masters,Married-civ-spouse,Private,Machine-op-inspct,25,Japan,463880,6669,7263,<=50K,YoungAdults,Asia
Asian-Pac-Islander,Female,61,11th,Married-civ-spouse,Federal-gov,Exec-managerial,54,South,301550,829,1384,<=50K,MiddleAged,Asia
Asian-Pac-Islander,Female,20,HS-grad,Divorced,Private,Tech-support,21,South,172358,5087,2530,<=50K,YoungAdults,Asia
Asian-Pac-Islander,Female,21,HS-grad,Never-married,Private,Craft-repair,22,India,332902,9936,9975,<=50K,YoungAdults,Asia
Asian-Pac-Islander,Female,45,HS-grad,Married-civ-spouse,State-gov,Tech-support,53,India,385772,5168,2904,<=50K,Adults,Asia
Asian-Pac-Islander,Female,46,Some-college,Separated,Private,Sales,53,South,460829,2997,9251,<=50K,Adults,Asia
Asian-Pac-Islander,Female,55,11th,Married-civ-spouse,Self-emp-not-inc,Exec-managerial,39,India,90309,9771,3248,<=50K,MiddleAged,Asia
Asian-Pac-Islander,Female,45,HS-grad,Never-married,Private,Craft-repair,54,United-States,133603,5384,9708,<=50K,Adults,NorthAmerica
Asian-Pac-Islander,Female,23,Masters,Never-married,Private,Craft-repair,25,India,494535,6668,5567,<=50K,YoungAdults,Asia
Asian-Pac-Islander,Female,22,Some-college,Married-civ-spouse,Private,Tech-support,38,Philippines,436344,459,3488,<=50K,YoungAdults,Asia
Asian-Pac-Islander,Female,18,Some-college,Never-married,Self-emp-not-inc,Prof-specialty,59,India,229233,5696,1037,<=50K,YoungAdults,Asia
Asian-Pac-Islander,Female,43,Bachelors,Never-married,Private,Craft-repair,21,Vietnam,60249,6306,1218,<=50K,Adults,Asia
Asian-Pac-Islander,Female,22,HS-grad,Widowed,Private,Handlers-cleaners,46,India,106610,4556,4793,<=50K,YoungAdults,Asia
Asian-Pac-Islander,Female,38,Bachelors,Married-civ-spouse,Self-emp-not-inc,Prof-specialty,51,Vietnam,410248,7687,7730,<=50K,Adults,Asia
Asian-Pac-Islander,Female,38,Assoc-acdm,Separated,Self-emp-not-inc,Tech-support,28,Vietnam,367956,2389,3373,<=50K,Adults,Asia
Asian-Pac-Islander,Female,56,Bachelors,Married-civ-spouse,Private,Exec-managerial,27,China,148683,6142,3218,<=50K,MiddleAged,Asia
Asian-Pac-Islander,Female,69,Some-college,Married-civ-spouse,Private,Prof-specialty,60,Japan,346103,6254,9837,<=50K,Senior,Asia
Asian-Pac-Islander,Female,39,Assoc-voc,Married-civ-spouse,Self-emp-not-inc,Craft-repair,21,Japan,440483,2505,8148,<=50K,Adults,Asia
Asian-Pac-Islander,Female,47,Bachelors,Widowed,Without-pay,Craft-repair,45,China,55298,2500,1543,<=50K,Adults,Asia
Asian-Pac-Islander,Female,19,HS-grad,Never-married,Private,Prof-specialty,37,China,253237,5631,5331,<=50K,YoungAdults,Asia
Asian-Pac-Islander,Female,58,HS-grad,Never-married,Self-emp-not-inc,Tech-support,34,United-States,442618,714,964,<=50K,MiddleAged,NorthAmerica
Asian-Pac-Islander,Female,43,HS-grad,Never-married,Private,Other-service,25,Vietnam,320992,3292,6531,<=50K,Adults,Asia
Asian-Pac-Islander,Female,57,11th,Married-civ-spouse,Private,Tech-support,33,United-States,133106,3106,7120,<=50K,MiddleAged,NorthAmerica
Asian-Pac-Islander,Female,51,Some-college,Married-civ-spouse,Private,Machine-op-inspct,58,Philippines,126772,7899,5555,<=50K,MiddleAged,Asia
Asian-Pac-Islander,Female,34,11th,Married-civ-spouse,State-gov,Sales,37,South,185660,8982,7902,<=50K,Adults,Asia
Asian-Pac-Islander,Female,49,Assoc-voc,Never-married,Private,Handlers-cleaners,20,China,87677,7883,374,<=50K,Adults,Asia
Asian-Pac-Islander,Female,62,Some-college,Married-civ-spouse,Private,Sales,20,Japan,212997,4546,7347,<=50K,MiddleAged,Asia
Asian-Pac-Islander,Female,28,11th,Married-civ-spouse,Private,Machine-op-inspct,39,China,339546,710,8066,<=50K,YoungAdults,Asia
Asian-Pac-Islander,Female,42,Some-college,Married-civ-spouse,Federal-gov,Other-service,36,China,315456,1764,5723,<=50K,Adults,Asia
Asian-Pac-Islander,Female,65,HS-grad,Married-civ-spouse,Private,Sales,47,South,314001,3210,8487,<=50K,Senior,Asia
Asian-Pac-Islander,Female,21,HS-grad,Divorced,Private,Exec-managerial,57,China,478648,4419,4587,<=50K,YoungAdults,Asia
Asian-Pac-Islander,Female,32,Assoc-voc,Widowed,Private,Prof-specialty,41,Japan,343824,9165,7311,<=50K,Adults,Asia
Asian-Pac-Islander,Female,43,Some-college,Divorced,Never-worked,Craft-repair,51,Japan,218043,9830,1272,<=50K,Adults,Asia
Asian-Pac-Islander,Female,29,Some-college,Married-civ-spouse,State-gov,Exec-managerial,44,India,420511,7456,1757,<=50K,YoungAdults,Asia
Asian-Pac-Islander,Female,66,11th,Separated,Private,Machine-op-inspct,56,Philippines,490113,9722,8441,<=50K,Senior,Asia
Asian-Pac-Islander,Female,52,Assoc-voc,Married-civ-spouse,Self-emp-not-inc,Exec-managerial,46,Philippines,372784,6741,322,<=50K,MiddleAged,Asia
Asian-Pac-Islander,Female,28,Masters,Married-civ-spouse,Never-worked,Prof-specialty,50,Vietnam,261859,2668,7354,<=50K,YoungAdults,Asia
Asian-Pac-Islander,Female,20,Masters,Married-civ-spouse,Private,Sales,51,Vietnam,402155,2014,1592,<=50K,YoungAdults,Asia
Asian-Pac-Islander,Female,64,Some-college,Never-married,Private,Exec-managerial,48,China,443906,3319,5513,<=50K,MiddleAged,Asia
Asian-Pac-Islander,Female,66,HS-grad,Never-married,Private,Exec-managerial,25,Vietnam,387576,3491,208,<=50K,Senior,Asia
Asian-Pac-Islander,Female,48,Doctorate,Married-civ-spouse,Private,Sales,48,South,477235,6653,6278,<=50K,Adults,Asia
Asian-Pac-Islander,Female,58,11th,Never-married,Private,Exec-managerial,29,Philippines,441252,9261,8414,<=50K,MiddleAged,Asia
Asian-Pac-Islander,Female,53,11th,Never-married,Local-gov,Handlers-cleaners,56,South,323635,8406,1137,<=50K,MiddleAged,Asia
Asian-Pac-Islander,Female,46,HS-grad,Married-civ-spouse,Private,Machine-op-inspct,24,India,64267,2414,2613,<=50K,Adults,Asia
Asian-Pac-Islander,Female,27,Masters,Married-civ-spouse,Private,Machine-op-inspct,32,Japan,21043,6545,1935,<=50K,YoungAdults,Asia
Asian-Pac-Islander,Female,34,Masters,Never-married,Never-worked,Craft-repair,57,India,80861,2270,1584,<=50K,Adults,Asia
Asian-Pac-Islander,Female,25,Some-college,Married-civ-spouse,Private,Sales,40,Vietnam,228661,74,147,<=50K,YoungAdults,Asia
Asian-Pac-Islander,Female,21,Masters,Married-civ-spouse,Private,Prof-specialty,40,United-States,232319,9899,3439,<=50K,YoungAdults,NorthAmerica
Asian-Pac-Islander,Female,24,HS-grad,Divorced,Without-pay,Machine-op-inspct,22,South,53535,1371,2120,<=50K,YoungAdults,Asia
Asian-Pac-Islander,Female,43,HS-grad,Married-civ-spouse,Private,Exec-managerial,32,United-States,176992,6800,8201,<=50K,Adults,NorthAmerica
Asian-Pac-Islander,Female,54,HS-grad,Married-civ-spouse,Private,Handlers-cleaners,26,India,329970,5938,7554,<=50K,MiddleAged,Asia
Asian-Pac-Islander,Female,69,Doctorate,Never-married,Private,Prof-specialty,45,Japan,468870,4717,4307,<=50K,Senior,Asia
Asian-Pac-Islander,Female,46,HS-grad,Married-civ-spouse,Without-pay,Handlers-cleaners,22,South,336358,2326,8257,<=50K,Adults,Asia
Asian-Pac-Islander,Female,52,HS-grad,Married-civ-spouse,Local-gov,Exec-managerial,46,China,353215,1981,6140,<=50K,MiddleAged,Asia
Asian-Pac-Islander,Female,62,HS-grad,Never-married,Private,Sales,52,United-States,409963,8598,5989,<=50K,MiddleAged,NorthAmerica
Asian-Pac-Islander,Female,63,HS-grad,Never-married,Private,Machine-op-inspct,27,South,140805,741,4582,<=50K,MiddleAged,Asia
Asian-Pac-Islander,Female,43,HS-grad,Never-married,Federal-gov,Tech-support,39,India,438980,2721,3684,<=50K,Adults,Asia
Asian-Pac-Islander,Female,31,Some-college,Married-civ-spouse,Private,Craft-repair,27,India,137683,8149,2645,<=50K,Adults,Asia
Asian-Pac-Islander,Female,63,Some-college,Married-civ-spouse,Private,Exec-managerial,20,Philippines,66079,6345,5655,<=50K,MiddleAged,Asia
Asian-Pac-Islander,Female,67,Masters,Married-civ-spouse,Private,Tech-support,57,Japan,262531,3753,7332,<=50K,Senior,Asia
Asian-Pac-Islander,Female,28,Some-college,Separated,Private,Exec-managerial,49,Japan,31947,7944,7691,<=50K,YoungAdults,Asia
Asian-Pac-Islander,Female,37,Some-college,Never-married,Private,Prof-specialty,26,South,197869,4010,9313,<=50K,Adults,Asia
Asian-Pac-Islander,Female,63,Masters,Never-married,Private,Handlers-cleaners,22,China,261530,8979,9473,<=50K,MiddleAged,Asia
Asian-Pac-Islander,Female,21,HS-grad,Married-civ-spouse,Private,Other-service,32,Japan,273753,6090,9899,<=50K,YoungAdults,Asia
Asian-Pac-Islander,Female,32,Some-college,Never-married,Private,Sales,60,Japan,195458,5075,3883,<=50K,Adults,Asia
Asian-Pac-Islander,Female,47,Bachelors,Never-married,Private,Handlers-cleaners,48,China,475286,3699,8953,<=50K,Adults,Asia
Asian-Pac-Islander,Female,46,Some-college,Married-civ-spouse,Private,Exec-managerial,47,United-States,262700,1690,5720,<=50K,Adults,NorthAmerica
Asian-Pac-Islander,Female,52,11th,Never-married,Self-emp-not-inc,Exec-managerial,37,China,432050,7597,1377,<=50K,MiddleAged,Asia
Asian-Pac-Islander,Female,54,Some-college,Married-civ-spouse,Private,Handlers-cleaners,24,Japan,273693,5487,511,<=50K,MiddleAged,Asia
Asian-Pac-Islander,Female,29,Bachelors,Married-civ-spouse,Private,Sales,56,South,222037,1993,4877,<=50K,YoungAdults,Asia
Asian-Pac-Islander,Female,44,Bachelors,Widowed,Self-emp-not-inc,Exec-managerial,34,Philippines,80700,6808,9872,<=50K,Adults,Asia
Asian-Pac-Islander,Female,67,Some-college,Married-civ-spouse,Private,Other-service,36,Vietnam,361839,8118,8133,<=50K,Senior,Asia
Asian-Pac-Islander,Female,51,Doctorate,Never-married,Private,Craft-repair,39,Philippines,182035,9534,363,<=50K,MiddleAged,Asia
Asian-Pac-Islander,Female,58,HS-grad,Married-civ-spouse,Private,Craft-repair,40,India,333202,546,2353,<=50K,MiddleAged,Asia
Asian-Pac-Islander,Female,35,Some-college,Married-civ-spouse,Private,Craft-repair,38,South,204089,8320,4087,<=50K,Adults,Asia
Asian-Pac-Islander,Female,63,Masters,Divorced,Private,Tech-support,53,India,438658,636,630,<=50K,MiddleAged,Asia
Asian-Pac-Islander,Female,33,Bachelors,Never-married,Private,Machine-op-inspct,42,South,279837,586,4166,<=50K,Adults,Asia
Asian-Pac-Islander,Female,65,Bachelors,Divorced,Private,Handlers-cleaners,59,United-States,62301,3607,158,<=50K,Senior,NorthAmerica
Asian-Pac-Islander,Female,42,Bachelors,Married-civ-spouse,Private,Other-service,56,India,126766,5255,265,<=50K,Adults,Asia
Asian-Pac-Islander,Female,40,11th,Never-married,Private,Prof-specialty,46,Japan,28319,9972,8796,<=50K,Adults,Asia
Asian-Pac-Islander,Female,52,HS-grad,Married-civ-spouse,Self-emp-not-inc,Tech-support,41,Vietnam,362740,157,1463,<=50K,MiddleAged,Asia
Asian-Pac-Islander,Female,62,Masters,Never-married,State-gov,Sales,20,South,442216,1450,3776,<=50K,MiddleAged,Asia
Asian-Pac-Islander,Female,66,HS-grad,Married-civ-spouse,Self-emp-not-inc,Prof-specialty,41,India,412145,3145,4828,<=50K,Senior,Asia
Asian-Pac-Islander,Female,45,Bachelors,Never-married,State-gov,Other-service,37,India,106498,409,508,<=50K,Adults,Asia
Asian-Pac-Islander,Female,20,Some-college,Married-civ-spouse,Private,Sales,23,Japan,183120,1220,6059,<=50K,YoungAdults,Asia
Asian-Pac-Islander,Female,45,Some-college,Married-civ-spouse,Private,Craft-repair,53,Vietnam,93200,8642,6164,<=50K,Adults,Asia
Asian-Pac-Islander,Female,54,Doctorate,Married-civ-spouse,Private,Sales,54,India,452860,5654,9210,<=50K,MiddleAged,Asia
Asian-Pac-Islander,Female,50,Some-college,Married-civ-spouse,Private,Exec-managerial,50,China,145328,982,2150,<=50K,MiddleAged,Asia
Asian-Pac-Islander,Female,40,Some-college,Never-married,Private,Sales,59,China,434589,387,1045,<=50K,Adults,Asia
Asian-Pac-Islander,Female,26,Some-college,Married-civ-spouse,Private,Exec-managerial,60,South,189434,9513,4760,<=50K,YoungAdults,Asia
Asian-Pac-Islander,Female,41,Assoc-acdm,Never-married,Private,Exec-managerial,39,Vietnam,368667,6958,1087,<=50K,Adults,Asia
Asian-Pac-Islander,Female,23,HS-grad,Married-civ-spouse,Private,Craft-repair,27,Japan,348674,7905,4522,<=50K,YoungAdults,Asia
Asian-Pac-Islander,Female,49,Bachelors,Married-civ-spouse,Without-pay,Exec-managerial,60,India,361794,1889,4874,<=50K,Adults,Asia
Asian-Pac-Islander,Female,19,Some-college,Married-civ-spouse,Private,Sales,23,Japan,53297,4826,4723,<=50K,YoungAdults,Asia
Asian-Pac-Islander,Female,51,11th,Married-civ-spouse,Private,Prof-specialty,21,Philippines,271365,1516,8044,<=50K,MiddleAged,Asia
Asian-Pac-Islander,Female,66,Some-college,Married-civ-spouse,Private,Machine-op-inspct,43,India,147523,161,2438,<=50K,Senior,Asia
Asian-Pac-Islander,Female,55,Some-college,Never-married,Private,Exec-managerial,35,China,280538,5671,7068,<=50K,MiddleAged,Asia
Asian-Pac-Islander,Female,55,Some-college,Married-civ-spouse,Private,Exec-managerial,37,India,406059,7239,7023,<=50K,MiddleAged,Asia
Asian-Pac-Islander,Female,35,Some-college,Married-civ-spouse,Private,Prof-specialty,36,China,195504,7514,8420,<=50K,Adults,Asia
Asian-Pac-Islander,Female,36,Bachelors,Married-civ-spouse,State-gov,Other-service,23,South,229834,4573,8488,<=50K,Adults,Asia
Asian-Pac-Islander,Female,51,Bachelors,Divorced,Private,Exec-managerial,60,United-States,275544,4664,4437,<=50K,MiddleAged,NorthAmerica
Asian-Pac-Islander,Female,32,Some-college,Married-civ-spouse,Private,Sales,24,Philippines,82424,5293,3410,<=50K,Adults,Asia
Asian-Pac-Islander,Female,30,HS-grad,Married-civ-spouse,Private,Craft-repair,20,Japan,19430,6924,6383,<=50K,Adults,Asia
Asian-Pac-Islander,Female,45,Bachelors,Divorced,Private,Prof-specialty,32,United-States,55397,7658,4808,<=50K,Adults,NorthAmerica
Asian-Pac-Islander,Female,56,HS-grad,Married-civ-spouse,Private,Other-service,55,United-States,232164,8296,2195,<=50K,MiddleAged,NorthAmerica
Asian-Pac-Islander,Female,56,11th,Never-married,Private,Tech-support,40,South,339928,8443,1693,<=50K,MiddleAged,Asia
Asian-Pac-Islander,Female,70,HS-grad,Married-civ-spouse,Private,Other-service,49,South,274923,3197,9469,<=50K,Senior,Asia
Asian-Pac-Islander,Female,34,11th,Divorced,Self-emp-not-inc,Prof-specialty,21,Philippines,373865,1381,5733,<=50K,Adults,Asia
Asian-Pac-Islander,Female,66,HS-grad,Never-married,Without-pay,Sales,30,United-States,15555,6540,800,<=50K,Senior,NorthAmerica
Asian-Pac-Islander,Female,24,Assoc-acdm,Divorced,Private,Machine-op-inspct,41,South,115680,6888,5789,<=50K,YoungAdults,Asia
Asian-Pac-Islander,Female,53,HS-grad,Married-civ-spouse,Private,Tech-support,28,Philippines,401517,1238,7405,<=50K,MiddleAged,Asia
Asian-Pac-Islander,Female,18,11th,Married-civ-spouse,Private,Sales,20,China,244843,871,3505,<=50K,YoungAdults,Asia
Asian-Pac-Islander,Female,18,Bachelors,Married-civ-spouse,Private,Exec-managerial,57,China,184062,8740,7827,<=50K,YoungAdults,Asia
Asian-Pac-Islander,Female,56,11th,Married-civ-spouse,Never-worked,Craft-repair,42,Philippines,23786,2087,8712,<=50K,MiddleAged,Asia
Asian-Pac-Islander,Female,20,HS-grad,Never-married,Private,Sales,53,Japan,165702,9099,7099,<=50K,YoungAdults,Asia
Asian-Pac-Islander,Female,62,Assoc-acdm,Married-civ-spouse,Self-emp-not-inc,Craft-repair,31,Japan,473441,8699,1186,<=50K,MiddleAged,Asia
Asian-Pac-Islander,Female,62,Masters,Never-married,Private,Other-service,36,China,27624,256,4304,<=50K,MiddleAged,Asia
Asian-Pac-Islander,Female,53,Bachelors,Married-civ-spouse,Private,Handlers-cleaners,57,Japan,110762,9200,8115,<=50K,MiddleAged,Asia
Asian-Pac-Islander,Female,31,HS-grad,Married-civ-spouse,Private,Exec-managerial,31,China,238527,192,4713,<=50K,Adults,Asia
Asian-Pac-Islander,Female,65,11th,Married-civ-spouse,Private,Tech-support,33,South,148092,1034,9281,<=50K,Senior,Asia
Asian-Pac-Islander,Female,39,HS-grad,Married-civ-spouse,Self-emp-not-inc,Exec-managerial,42,Japan,365984,4778,6245,<=50K,Adults,Asia
Asian-Pac-Islander,Female,61,Bachelors,Never-married,Self-emp-not-inc,Handlers-cleaners,22,Japan,371377,4879,8297,<=50K,MiddleAged,Asia
Asian-Pac-Islander,Female,26,HS-grad,Married-civ-spouse,Private,Craft-repair,32,Japan,443160,2653,9446,<=50K,YoungAdults,Asia
Asian-Pac-Islander,Female,35,Assoc-voc,Married-civ-spouse,Private,Machine-op-inspct,51,United-States,260180,7429,6010,<=50K,Adults,NorthAmerica
Asian-Pac-Islander,Female,54,HS-grad,Married-civ-spouse,Private,Prof-specialty,49,United-States,223615,5434,589,<=50K,MiddleAged,NorthAmerica
Asian-Pac-Islander,Female,26,Assoc-acdm,Never-married,Private,Prof-specialty,31,Japan,417637,5359,2525,<=50K,YoungAdults,Asia
Asian-Pac-Islander,Female,37,11th,Married-civ-spouse,Federal-gov,Tech-support,27,Japan,198500,9428,3427,<=50K,Adults,Asia
Asian-Pac-Islander,Female,39,HS-grad,Separated,Private,Tech-support,57,China,251423,3946,8966,<=50K,Adults,Asia
Asian-Pac-Islander,Female,41,Some-college,Married-civ-spouse,Never-worked,Exec-managerial,39,South,72462,1126,1795,<=50K,Adults,Asia
Asian-Pac-Islander,Female,63,Some-college,Never-married,Local-gov,Craft-repair,58,Japan,167119,7827,3683,<=50K,MiddleAged,Asia
Asian-Pac-Islander,Female,67,Some-college,Never-married,Self-emp-not-inc,Tech-support,22,United-States,206491,853,2670,<=50K,Senior,NorthAmerica
Asian-Pac-Islander,Female,40,Some-college,Never-married,Self-emp-not-inc,Exec-managerial,29,Japan,207802,1539,267,<=50K,Adults,Asia
Asian-Pac-Islander,Female,66,Bachelors,Married-civ-spouse,Private,Exec-managerial,41,Philippines,360603,5890,6005,<=50K,Senior,Asia
Asian-Pac-Islander,Female,34,Some-college,Never-married,Never-worked,Handlers-cleaners,23,United-States,72602,7603,9984,<=50K,Adults,NorthAmerica
Asian-Pac-Islander,Female,46,Bachelors,Never-married,Self-emp-not-inc,Handlers-cleaners,22,China,482474,180,9011,<=50K,Adults,Asia
Asian-Pac-Islander,Female,70,11th,Never-married,Private,Exec-managerial,36,Vietnam,417568,8917,4765,<=50K,Senior,Asia
Asian-Pac-Islander,Female,46,HS-grad,Married-civ-spouse,Without-pay,Craft-repair,39,India,286026,8759,8423,<=50K,Adults,Asia
Asian-Pac-Islander,Female,42,11th,Married-civ-spouse,Private,Prof-specialty,60,Japan,86248,6080,8024,<=50K,Adults,Asia
Asian-Pac-Islander,Female,26,HS-grad,Married-civ-spouse,State-gov,Sales,23,United-States,17802,6006,2078,<=50K,YoungAdults,NorthAmerica
Asian-Pac-Islander,Female,26,HS-grad,Never-married,Self-emp-not-inc,Craft-repair,48,United-States,74672,8986,2345,<=50K,YoungAdults,NorthAmerica
Asian-Pac-Islander,Female,24,HS-grad,Married-civ-spouse,Without-pay,Other-service,20,South,367322,5478,1479,<=50K,YoungAdults,Asia
Asian-Pac-Islander,Female,38,HS-grad,Never-married,Private,Handlers-cleaners,32,South,383344,8045,8592,<=50K,Adults,Asia
Asian-Pac-Islander,Female,30,HS-grad,Divorced,Private,Tech-support,35,South,193047,1273,9505,<=50K,Adults,Asia
Asian-Pac-Islander,Female,55,Some-college,Married-civ-spouse,Private,Prof-specialty,43,India,206102,4545,8613,<=50K,MiddleAged,Asia
Asian-Pac-Islander,Female,39,Some-college,Never-married,Private,Sales,34,Philippines,68707,6517,7749,<=50K,Adults,Asia
Asian-Pac-Islander,Female,61,HS-grad,Divorced,Private,Sales,27,China,60426,6595,9166,<=50K,MiddleAged,Asia
Asian-Pac-Islander,Female,31,Some-college,Divorced,Private,Tech-support,23,China,394833,5994,4943,<=50K,Adults,Asia
Asian-Pac-Islander,Female,24,HS-grad,Separated,State-gov,Craft-repair,30,Vietnam,260614,6375,7461,<=50K,YoungAdults,Asia
Asian-Pac-Islander,Female,70,HS-grad,Never-married,Never-worked,Exec-managerial,49,Vietnam,42350,5205,3638,<=50K,Senior,Asia
Asian-Pac-Islander,Female,66,Some-college,Married-civ-spouse,Private,Sales,24,Japan,307037,2639,1062,<=50K,Senior,Asia
Asian-Pac-Islander,Female,35,Some-college,Married-civ-spouse,Without-pay,Tech-support,29,Vietnam,430558,8633,2259,<=50K,Adults,Asia
Asian-Pac-Islander,Female,51,Doctorate,Divorced,Private,Prof-specialty,53,India,397811,5904,4635,<=50K,MiddleAged,Asia
Asian-Pac-Islander,Female,28,11th,Separated,Local-gov,Sales,40,Vietnam,236103,1955,1209,<=50K,YoungAdults,Asia
Asian-Pac-Islander,Female,64,Doctorate,Never-married,Never-worked,Craft-repair,31,Philippines,167432,8950,8889,<=50K,MiddleAged,Asia
Asian-Pac-Islander,Female,66,Bachelors,Married-civ-spouse,Private,Sales,54,India,446583,1536,8953,<=50K,Senior,Asia
Asian-Pac-Islander,Female,47,HS-grad,Never-married,Private,Exec-managerial,33,Japan,249371,6552,6735,<=50K,Adults,Asia
Asian-Pac-Islander,Female,50,Some-college,Widowed,Private,Other-service,33,India,21981,8513,8609,<=50K,MiddleAged,Asia
Asian-Pac-Islander,Female,43,11th,Never-married,Private,Sales,24,Philippines,468891,8879,4214,<=50K,Adults,Asia
Asian-Pac-Islander,Female,33,HS-grad,Never-married,Private,Prof-specialty,33,Japan,249723,5586,7232,<=50K,Adults,Asia
Asian-Pac-Islander,Female,21,11th,Never-married,Self-emp-not-inc,Prof-specialty,41,Philippines,22125,2648,4531,<=50K,YoungAdults,Asia
Asian-Pac-Islander,Female,47,Some-college,Never-married,Private,Prof-specialty,27,Philippines,107724,3628,5378,<=50K,Adults,Asia
Asian-Pac-Islander,Female,28,Some-college,Married-civ-spouse,Private,Craft-repair,30,Japan,351488,2177,231,<=50K,YoungAdults,Asia
Asian-Pac-Islander,Female,39,Assoc-acdm,Never-married,Private,Other-service,60,United-States,229984,8981,3335,<=50K,Adults,NorthAmerica
Asian-Pac-Islander,Female,24,Masters,Never-married,Private,Craft-repair,43,China,312395,5867,1804,<=50K,YoungAdults,Asia
Asian-Pac-Islander,Female,43,Bachelors,Married-civ-spouse,State-gov,Exec-managerial,25,United-States,122567,5641,6906,<=50K,Adults,NorthAmerica
Asian-Pac-Islander,Female,29,Some-college,Never-married,State-gov,Prof-specialty,26,China,331914,2055,2152,<=50K,YoungAdults,Asia
Asian-Pac-Islander,Female,32,Some-college,Never-married,Private,Craft-repair,53,Philippines,236667,8916,8391,<=50K,Adults,Asia
Asian-Pac-Islander,Female,19,Some-college,Widowed,Local-gov,Prof-specialty,53,Japan,429871,4536,7439,<=50K,YoungAdults,Asia
Asian-Pac-Islander,Female,18,Some-college,Married-civ-spouse,Private,Prof-specialty,41,United-States,396047,7303,2408,<=50K,YoungAdults,NorthAmerica
Asian-Pac-Islander,Female,32,Masters,Married-civ-spouse,Private,Other-service,46,Japan,277032,3216,8502,<=50K,Adults,Asia
Asian-Pac-Islander,Female,64,Some-college,Separated,Private,Exec-managerial,50,China,104568,4899,6664,<=50K,MiddleAged,Asia
Asian-Pac-Islander,Female,48,HS-grad,Married-civ-spouse,Private,Craft-repair,26,South,150255,5632,5316,<=50K,Adults,Asia
Asian-Pac-Islander,Female,20,HS-grad,Married-civ-spouse,Never-worked,Exec-managerial,55,United-States,79190,1448,1364,<=50K,YoungAdults,NorthAmerica
Asian-Pac-Islander,Female,36,HS-grad,Separated,Private,Prof-specialty,23,Philippines,58538,417,6564,<=50K,Adults,Asia
Asian-Pac-Islander,Female,69,Bachelors,Never-married,Self-emp-not-inc,Handlers-cleaners,33,United-States,116857,5705,5579,<=50K,Senior,NorthAmerica
Asian-Pac-Islander,Female,41,Some-college,Married-civ-spouse,Private,Handlers-cleaners,37,India,280604,9792,87,<=50K,Adults,Asia
Asian-Pac-Islander,Female,26,Bachelors,Widowed,Private,Prof-specialty,36,Japan,297140,4868,113,<=50K,YoungAdults,Asia
Asian-Pac-Islander,Female,34,11th,Married-civ-spouse,Private,Exec-managerial,22,United-States,299455,3489,9385,<=50K,Adults,NorthAmerica
Asian-Pac-Islander,Female,22,HS-grad,Married-civ-spouse,Private,Sales,29,Vietnam,178820,1934,1212,<=50K,YoungAdults,Asia
Asian-Pac-Islander,Female,19,11th,Married-civ-spouse,Private,Other-service,21,Philippines,93124,4727,2601,<=50K,YoungAdults,Asia
Asian-Pac-Islander,Female,64,Assoc-acdm,Married-civ-spouse,Private,Other-service,52,India,89162,2289,9651,<=50K,MiddleAged,Asia
Asian-Pac-Islander,Female,36,HS-grad,Never-married,Without-pay,Other-service,26,Japan,309452,2876,9330,<=50K,Adults,Asia
Asian-Pac-Islander,Female,57,Masters,Never-married,Private,Craft-repair,29,Philippines,261520,4831,4682,<=50K,MiddleAged,Asia
Asian-Pac-Islander,Female,46,Some-college,Married-civ-spouse,Private,Prof-specialty,39,China,381085,2818,6410,<=50K,Adults,Asia
Asian-Pac-Islander,Female,27,11th,Never-married,Federal-gov,Other-service,50,Vietnam,337056,2107,7945,<=50K,YoungAdults,Asia
Asian-Pac-Islander,Female,32,Assoc-voc,Married-civ-spouse,Never-worked,Handlers-cleaners,44,United-States,188115,638,4819,<=50K,Adults,NorthAmerica
Asian-Pac-Islander,Female,51,HS-grad,Never-married,Private,Exec-managerial,42,Philippines,120543,6443,3228,<=50K,MiddleAged,Asia
Asian-Pac-Islander,Female,29,Some-college,Never-married,Private,Exec-managerial,46,United-States,14748,5029,8091,<=50K,YoungAdults,NorthAmerica
Asian-Pac-Islander,Female,54,Assoc-acdm,Married-civ-spouse,Private,Tech-support,56,South,389732,6866,4717,<=50K,MiddleAged,Asia
Asian-Pac-Islander,Female,53,Some-college,Divorced,Federal-gov,Tech-support,41,South,441990,3631,336,<=50K,MiddleAged,Asia
Asian-Pac-Islander,Female,42,Some-college,Married-civ-spouse,Private,Other-service,55,Philippines,456835,3921,2257,<=50K,Adults,Asia
Asian-Pac-Islander,Female,21,Some-college,Never-married,Self-emp-not-inc,Exec-managerial,30,United-States,345148,2970,5240,<=50K,YoungAdults,NorthAmerica
Asian-Pac-Islander,Female,50,HS-grad,Never-married,Private,Other-service,32,Vietnam,352096,5489,3419,<=50K,MiddleAged,Asia
Asian-Pac-Islander,Female,55,Some-college,Divorced,Private,Sales,54,United-States,463127,488,5320,<=50K,MiddleAged,NorthAmerica
Asian-Pac-Islander,Female,39,Some-college,Never-married,Private,Handlers-cleaners,46,China,239092,2336,2941,<=50K,Adults,Asia
Asian-Pac-Islander,Female,69,HS-grad,Widowed,Private,Machine-op-inspct,56,India,206885,7022,1913,<=50K,Senior,Asia
Asian-Pac-Islander,Female,20,11th,Never-married,Never-worked,Handlers-cleaners,21,India,341371,8991,436,<=50K,YoungAdults,Asia
Asian-Pac-Islander,Female,42,Assoc-voc,Divorced,Private,Tech-support,55,China,274697,3427,438,<=50K,Adults,Asia
Asian-Pac-Islander,Female,41,Assoc-acdm,Never-married,Private,Sales,36,Vietnam,303448,8600,1797,<=50K,Adults,Asia
Asian-Pac-Islander,Female,53,HS-grad,Married-civ-spouse,Private,Craft-repair,46,Japan,491122,2330,8808,<=50K,MiddleAged,Asia
Asian-Pac-Islander,Female,33,Some-college,Married-civ-spouse,Private,Tech-support,59,South,486730,6068,1847,<=50K,Adults,Asia
Asian-Pac-Islander,Female,32,Some-college,Married-civ-spouse,Private,Machine-op-inspct,46,South,79476,6105,9014,<=50K,Adults,Asia
Asian-Pac-Islander,Female,23,HS-grad,Married-civ-spouse,Private,Sales,55,India,375195,8526,3758,<=50K,YoungAdults,Asia
Asian-Pac-Islander,Female,33,Bachelors,Widowed,Private,Machine-op-inspct,49,Philippines,430205,6887,3387,<=50K,Adults,Asia
Asian-Pac-Islander,Female,36,Some-college,Married-civ-spouse,Private,Craft-repair,46,China,187630,391,2285,<=50K,Adults,Asia
Asian-Pac-Islander,Female,57,11th,Married-civ-spouse,Local-gov,Craft-repair,26,India,27051,1648,2906,<=50K,MiddleAged,Asia
Asian-Pac-Islander,Female,31,Bachelors,Never-married,Private,Sales,43,Philippines,94009,2006,7513,<=50K,Adults,Asia
Asian-Pac-Islander,Female,54,11th,Never-married,Private,Other-service,52,Vietnam,334610,2131,832,<=50K,MiddleAged,Asia
Asian-Pac-Islander,Female,60,Some-college,Married-civ-spouse,Self-emp-not-inc,Tech-support,43,India,156342,5336,3039,<=50K,MiddleAged,Asia
Asian-Pac-Islander,Female,59,HS-grad,Married-civ-spouse,Private,Tech-support,20,Vietnam,56472,70,3525,<=50K,MiddleAged,Asia
Asian-Pac-Islander,Female,59,HS-grad,Married-civ-spouse,Private,Handlers-cleaners,27,India,289854,3149,6467,<=50K,MiddleAged,Asia
Asian-Pac-Islander,Female,60,Assoc-acdm,Never-married,Self-emp-not-inc,Sales,26,Japan,27975,6587,5755,<=50K,MiddleAged,Asia
Asian-Pac-Islander,Female,68,11th,Married-civ-spouse,Private,Exec-managerial,24,Philippines,223416,7749,1617,<=50K,Senior,Asia
Asian-Pac-Islander,Female,65,HS-grad,Never-married,Private,Sales,25,South,227554,9833,5985,<=50K,Senior,Asia
Asian-Pac-Islander,Female,22,HS-grad,Married-civ-spouse,Private,Exec-managerial,34,Philippines,312140,688,6190,<=50K,YoungAdults,Asia
Asian-Pac-Islander,Female,44,Some-college,Married-civ-spouse,Without-pay,Handlers-cleaners,20,Japan,405720,8725,4748,<=50K,Adults,Asia
Asian-Pac-Islander,Female,40,11th,Married-civ-spouse,Local-gov,Exec-managerial,49,Philippines,237505,286,6522,<=50K,Adults,Asia
Asian-Pac-Islander,Female,61,Some-college,Married-civ-spouse,Self-emp-not-inc,Handlers-cleaners,24,China,203290,1925,9328,<=50K,MiddleAged,Asia
Asian-Pac-Islander,Female,67,HS-grad,Never-married,Private,Prof-specialty,44,South,297317,7793,7817,<=50K,Senior,Asia
Asian-Pac-Islander,Female,48,HS-grad,Never-married,Private,Sales,22,Japan,58614,9097,4093,<=50K,Adults,Asia
Asian-Pac-Islander,Female,19,Bachelors,Married-civ-spouse,Self-emp-not-inc,Exec-managerial,54,South,384815,7736,8502,<=50K,YoungAdults,Asia
Asian-Pac-Islander,Female,45,Assoc-acdm,Married-civ-spouse,Private,Tech-support,39,South,488140,6850,1928,<=50K,Adults,Asia
Asian-Pac-Islander,Female,51,Assoc-acdm,Married-civ-spouse,Private,Craft-repair,41,South,457991,7876,4614,<=50K,MiddleAged,Asia
Asian-Pac-Islander,Female,47,11th,Never-married,Private,Prof-specialty,45,Philippines,331613,7419,4897,<=50K,Adults,Asia
Asian-Pac-Islander,Female,52,HS-grad,Married-civ-spouse,Private,Machine-op-inspct,37,United-States,325596,8147,5970,<=50K,MiddleAged,NorthAmerica
Asian-Pac-Islander,Female,43,HS-grad,Married-civ-spouse,Private,Sales,24,Japan,107721,9861,3814,<=50K,Adults,Asia
Asian-Pac-Islander,Female,26,HS-grad,Married-civ-spouse,Private,Exec-managerial,35,United-States,324364,7829,3457,<=50K,YoungAdults,NorthAmerica
Asian-Pac-Islander,Female,21,Masters,Married-civ-spouse,Private,Tech-support,20,United-States,317391,4291,2628,<=50K,YoungAdults,NorthAmerica
Asian-Pac-Islander,Female,56,Some-college,Married-civ-spouse,Self-emp-not-inc,Sales,59,China,245557,1798,3402,<=50K,MiddleAged,Asia
Asian-Pac-Islander,Female,47,11th,Never-married,Private,Exec-managerial,46,India,48017,5919,549,<=50K,Adults,Asia
Asian-Pac-Islander,Female,62,Bachelors,Married-civ-spouse,Private,Prof-specialty,57,Japan,25735,5698,8112,<=50K,MiddleAged,Asia
Asian-Pac-Islander,Female,69,Bachelors,Never-married,Private,Prof-specialty,50,Vietnam,258654,754,5288,<=50K,Senior,Asia
Asian-Pac-Islander,Female,46,11th,Married-civ-spouse,Never-worked,Craft-repair,59,South,492139,110,7399,<=50K,Adults,Asia
Asian-Pac-Islander,Female,37,Masters,Married-civ-spouse,Private,Sales,57,Philippines,24921,3558,1597,<=50K,Adults,Asia
Asian-Pac-Islander,Female,42,Assoc-acdm,Married-civ-spouse,Private,Sales,30,Vietnam,186527,9501,2688,<=50K,Adults,Asia
Asian-Pac-Islander,Female,35,HS-grad,Married-civ-spouse,Private,Handlers-cleaners,38,Japan,405550,160,7903,<=50K,Adults,Asia
Asian-Pac-Islander,Female,35,HS-grad,Married-civ-spouse,Private,Craft-repair,58,India,51481,3177,197,<=50K,Adults,Asia
Asian-Pac-Islander,Female,44,11th,Never-married,Federal-gov,Other-service,32,Philippines,224080,8060,6092,<=50K,Adults,Asia
Asian-Pac-Islander,Female,22,Some-college,Separated,Private,Other-service,39,Vietnam,351480,8062,8508,<=50K,YoungAdults,Asia
Asian-Pac-Islander,Female,41,11th,Separated,Private,Sales,59,Vietnam,453141,1641,1123,<=50K,Adults,Asia
Asian-Pac-Islander,Female,45,HS-grad,Separated,Private,Handlers-cleaners,43,United-States,427642,6391,2513,<=50K,Adults,NorthAmerica
Asian-Pac-Islander,Female,22,Bachelors,Married-civ-spouse,Private,Machine-op-inspct,38,Philippines,316421,5664,6481,<=50K,YoungAdults,Asia
Asian-Pac-Islander,Female,59,Bachelors,Never-married,Private,Sales,32,India,352490,3597,6935,<=50K,MiddleAged,Asia
Asian-Pac-Islander,Female,18,11th,Widowed,Private,Other-service,27,Japan,348497,3015,9818,<=50K,YoungAdults,Asia
Asian-Pac-Islander,Female,33,HS-grad,Never-married,Never-worked,Prof-specialty,52,United-States,276062,5199,5599,<=50K,Adults,NorthAmerica
Asian-Pac-Islander,Female,37,Some-college,Never-married,Private,Handlers-cleaners,43,China,200762,4700,8765,<=50K,Adults,Asia
Asian-Pac-Islander,Female,23,Some-college,Married-civ-spouse,Private,Craft-repair,34,South,428136,9329,2354,<=50K,YoungAdults,Asia
Asian-Pac-Islander,Female,41,HS-grad,Married-civ-spouse,Local-gov,Exec-managerial,38,Philippines,423083,4299,78,<=50K,Adults,Asia
Asian-Pac-Islander,Female,23,Some-college,Separated,Private,Exec-managerial,49,South,326117,3733,3319,<=50K,YoungAdults,Asia
Asian-Pac-Islander,Female,60,HS-grad,Married-civ-spouse,Private,Handlers-cleaners,32,India,462570,7976,2177,<=50K,MiddleAged,Asia
Asian-Pac-Islander,Female,45,Bachelors,Separated,Private,Prof-specialty,24,Vietnam,89388,8369,8048,<=50K,Adults,Asia
Asian-Pac-Islander,Female,56,Assoc-acdm,Married-civ-spouse,Private,Handlers-cleaners,39,China,284845,5214,7193,<=50K,MiddleAged,Asia
Asian-Pac-Islander,Female,41,Bachelors,Never-married,Private,Craft-repair,22,Vietnam,187861,1657,6703,<=50K,Adults,Asia
Asian-Pac-Islander,Female,32,Some-college,Divorced,Private,Other-service,36,South,321607,86,5275,<=50K,Adults,Asia
Asian-Pac-Islander,Female,49,Some-college,Never-married,Private,Craft-repair,54,Japan,372555,4222,8650,<=50K,Adults,Asia
Asian-Pac-Islander,Female,30,HS-grad,Never-married,State-gov,Machine-op-inspct,52,China,10974,2652,825,<=50K,Adults,Asia
Asian-Pac-Islander,Female,26,Bachelors,Married-civ-spouse,Never-worked,Exec-managerial,35,South,341831,1268,5720,<=50K,YoungAdults,Asia
Asian-Pac-Islander,Female,62,11th,Never-married,Private,Prof-specialty,56,United-States,463026,5473,4592,<=50K,MiddleAged,NorthAmerica
Asian-Pac-Islander,Female,47,HS-grad,Married-civ-spouse,Private,Prof-specialty,58,Japan,424941,1012,2738,<=50K,Adults,Asia
Asian-Pac-Islander,Female,28,Some-college,Divorced,Never-worked,Exec-managerial,23,India,270434,9403,7978,<=50K,YoungAdults,Asia
Asian-Pac-Islander,Female,60,Assoc-acdm,Divorced,Private,Tech-support,29,Philippines,109998,2781,9674,<=50K,MiddleAged,Asia
Asian-Pac-Islander,Female,62,HS-grad,Married-civ-spouse,Private,Tech-support,51,United-States,474495,4273,4905,<=50K,MiddleAged,NorthAmerica
Asian-Pac-Islander,Female,67,Some-college,Divorced,Private,Other-service,47,Japan,39031,5017,688,<=50K,Senior,Asia
Asian-Pac-Islander,Female,19,HS-grad,Married-civ-spouse,Private,Sales,45,Vietnam,439616,932,1818,<=50K,YoungAdults,Asia
Asian-Pac-Islander,Female,58,Some-college,Married-civ-spouse,Private,Exec-managerial,27,India,157968,4538,6785,<=50K,MiddleAged,Asia
Asian-Pac-Islander,Female,31,Some-college,Separated,Self-emp-not-inc,Machine-op-inspct,21,United-States,431411,7941,468,<=50K,Adults,NorthAmerica
Asian-Pac-Islander,Female,41,Bachelors,Married-civ-spouse,Private,Handlers-cleaners,26,Philippines,237740,4336,7565,<=50K,Adults,Asia
Asian-Pac-Islander,Female,64,Bachelors,Widowed,Private,Sales,29,Vietnam,101963,3669,4510,<=50K,MiddleAged,Asia
Asian-Pac-Islander,Female,40,Bachelors,Divorced,Never-worked,Exec-managerial,39,Vietnam,220690,4576,2696,<=50K,Adults,Asia
Asian-Pac-Islander,Female,32,HS-grad,Never-married,Private,Sales,33,Philippines,360753,552,2969,<=50K,Adults,Asia
Asian-Pac-Islander,Female,58,Assoc-voc,Married-civ-spouse,Private,Sales,56,Vietnam,113768,463,3766,<=50K,MiddleAged,Asia
Asian-Pac-Islander,Female,56,11th,Married-civ-spouse,Private,Other-service,45,United-States,212669,2244,5510,<=50K,MiddleAged,NorthAmerica
Asian-Pac-Islander,Female,29,Some-college,Divorced,Private,Sales,52,Japan,73191,7877,3598,<=50K,YoungAdults,Asia
Asian-Pac-Islander,Female,23,11th,Never-married,Private,Other-service,39,India,499030,7176,5962,<=50K,YoungAdults,Asia
Asian-Pac-Islander,Female,55,HS-grad,Never-married,Self-emp-not-inc,Other-service,30,Japan,57915,1020,916,<=50K,MiddleAged,Asia
Asian-Pac-Islander,Female,57,HS-grad,Married-civ-spouse,Local-gov,Exec-managerial,20,China,171573,4974,3792,<=50K,MiddleAged,Asia
Asian-Pac-Islander,Female,35,Some-college,Never-married,Self-emp-not-inc,Prof-specialty,46,India,408598,2763,444,<=50K,Adults,Asia
Asian-Pac-Islander,Female,20,HS-grad,Never-married,Private,Other-service,38,South,197679,1430,9392,<=50K,YoungAdults,Asia
Asian-Pac-Islander,Female,27,HS-grad,Never-married,State-gov,Craft-repair,58,India,51830,5571,4359,<=50K,YoungAdults,Asia
Asian-Pac-Islander,Female,33,11th,Never-married,Self-emp-not-inc,Exec-managerial,33,Philippines,263186,5545,9165,<=50K,Adults,Asia
Asian-Pac-Islander,Female,29,Bachelors,Never-married,State-gov,Exec-managerial,35,United-States,453320,5950,1713,<=50K,YoungAdults,NorthAmerica
Asian-Pac-Islander,Female,56,11th,Married-civ-spouse,Private,Exec-managerial,53,Vietnam,459893,8854,366,<=50K,MiddleAged,Asia
Asian-Pac-Islander,Female,41,HS-grad,Married-civ-spouse,Self-emp-not-inc,Exec-managerial,41,Vietnam,462030,173,7426,<=50K,Adults,Asia
Asian-Pac-Islander,Female,53,Assoc-voc,Married-civ-spouse,Private,Tech-support,42,United-States,33899,9367,6632,<=50K,MiddleAged,NorthAmerica
Asian-Pac-Islander,Female,65,Bachelors,Married-civ-spouse,Private,Prof-specialty,54,United-States,253743,3679,2154,<=50K,Senior,NorthAmerica
Asian-Pac-Islander,Female,35,Some-college,Never-married,Private,Prof-specialty,51,Vietnam,281509,5324,2943,<=50K,Adults,Asia
Asian-Pac-Islander,Female,57,HS-grad,Married-civ-spouse,Without-pay,Craft-repair,25,Japan,436915,1936,8465,<=50K,MiddleAged,Asia
Asian-Pac-Islander,Female,37,HS-grad,Never-married,Private,Prof-specialty,48,United-States,44458,1016,6383,<=50K,Adults,NorthAmerica
Asian-Pac-Islander,Female,65,Assoc-voc,Never-married,Private,Other-service,35,Philippines,98158,1249,9971,<=50K,Senior,Asia
Asian-Pac-Islander,Female,52,Bachelors,Never-married,Self-emp-not-inc,Other-service,34,South,215350,268,1013,<=50K,MiddleAged,Asia
Asian-Pac-Islander,Female,42,Masters,Separated,Private,Other-service,34,Philippines,306839,4795,4337,<=50K,Adults,Asia
Asian-Pac-Islander,Female,27,Some-college,Married-civ-spouse,Private,Prof-specialty,50,Japan,171104,4865,7600,<=50K,YoungAdults,Asia
Asian-Pac-Islander,Female,51,Bachelors,Married-civ-spouse,Federal-gov,Exec-managerial,36,India,420783,4322,3660,<=50K,MiddleAged,Asia
Asian-Pac-Islander,Female,21,Some-college,Divorced,Private,Exec-managerial,57,United-States,311750,75,6720,<=50K,YoungAdults,NorthAmerica
Asian-Pac-Islander,Female,62,11th,Divorced,Self-emp-not-inc,Prof-specialty,54,Japan,233075,2219,2662,<=50K,MiddleAged,Asia
Asian-Pac-Islander,Female,23,HS-grad,Divorced,Private,Sales,36,Philippines,130370,4589,4124,<=50K,YoungAdults,Asia
Asian-Pac-Islander,Female,40,HS-grad,Never-married,Private,Handlers-cleaners,43,China,332105,1466,1397,<=50K,Adults,Asia
Asian-Pac-Islander,Female,36,Assoc-acdm,Married-civ-spouse,Private,Machine-op-inspct,23,China,96190,6501,4064,<=50K,Adults,Asia
Asian-Pac-Islander,Female,29,HS-grad,Never-married,Private,Sales,28,China,448187,3324,1516,<=50K,YoungAdults,Asia
Asian-Pac-Islander,Female,56,HS-grad,Never-married,Private,Other-service,39,Japan,432381,2866,2147,<=50K,MiddleAged,Asia
Asian-Pac-Islander,Female,56,HS-grad,Never-married,Private,Sales,29,Japan,399911,593,2558,<=50K,MiddleAged,Asia
